模型,对象,月份,MAE,RMSE,WAPE_percent,Bias,R2,Daily_energy_MAPE_percent,Daily_energy_MAE,Daily_peak_MAE,Daylight_MAE,Daylight_WAPE_percent,Overforecast_rate_percent
Baseline,负载,2,130.49527512400792,165.13898546484367,2.889048411705505,51.924283134920636,0.9864514433165291,1.24876583003417,1302.5363761904773,124.27427321428559,,,
Baseline,负载,3,125.88341420250896,162.78310597622357,2.8901444625191073,30.702161223118278,0.9860264166921944,1.034077635733118,1009.5424973118244,147.1748419354837,,,
Baseline,负载,4,107.62608615740741,135.0179535378227,2.44998614409365,2.6757808101851843,0.9902734098184086,0.3460526290345368,348.2105016666683,81.81744166666658,,,
Baseline,负载,5,141.69715864695343,186.9787293008631,3.2191952389911163,-24.990366084229397,0.9808390490615142,0.9834304681909392,1013.7250817204289,64.8513790322581,,,
Baseline,负载,6,190.9160374537037,267.7740029063342,3.9771723377490567,-59.437426689814814,0.9596662160193293,2.2014545448951472,2409.735181666665,218.99933999999988,,,
Baseline,负载,7,267.6942847222222,364.26962217752407,5.0154437689692415,-111.7140345206093,0.9248638219518571,3.3447901270708016,4139.2676736559115,231.7047145161291,,,
Baseline,负载,8,159.30589159946237,200.39681607677363,3.157595380055924,37.51180504032258,0.9774780173090895,0.8447046750742407,979.9400403225732,154.5820193548387,,,
Baseline,负载,9,224.84568585648145,330.8516931206572,4.956974981759656,129.80377777777775,0.9393830498988285,3.258558754195958,3342.4646288888885,188.9608900000002,,,
Baseline,负载,10,121.2263164874552,165.2631597382036,2.7886558818426352,30.70321357526882,0.9855015593922561,0.9880510313455209,974.8442967741923,57.22660806451623,,,
Baseline,负载,11,108.39791576388889,135.33095432341773,2.499060106898248,-2.493155462962957,0.9903585055358178,0.35071576765691104,360.79579333333385,89.0200516666667,,,
Baseline,负载,12,163.78254036738352,224.7878872391645,3.4912275557296963,-56.4213730734767,0.9753880403685794,1.8384434082789651,2006.0483182795672,189.26566290322586,,,
Baseline,光伏,2,115.22625767786282,228.05628719710276,5.859517379568629,-65.61514957837302,0.9926182268934229,3.93782768066392,1901.72483579932,394.5924063775509,239.81594683973745,5.858675715234312,25.348477026329373
Baseline,光伏,3,159.54895783410137,306.6787857071864,6.924276646556786,-47.80624735343062,0.989050367044959,4.8763759265414715,2658.191604531492,565.451829262673,306.436898251168,6.923646384326442,29.388984509466436
Baseline,光伏,4,169.9585826951058,326.19345398868137,6.290834769063604,-37.14380276785714,0.9897997352647255,3.5516635871756317,2295.599388650795,595.2850461904764,302.87344309582744,6.290371846008787,35.06600660066007
Baseline,光伏,5,176.6891607078853,324.7896968426409,6.295706746057866,4.009129768305169,0.9897116016351968,3.1691491778876464,2119.3622268817226,500.9851239631335,298.6345621301455,6.295356963338026,43.771298750473306
Baseline,光伏,6,204.12628121031744,394.16292547849014,8.613553590762328,55.48392708002647,0.9780551874956481,5.894590255296701,3328.3858264285714,560.2767495238096,329.89806345198014,8.613492262026735,54.994388327721666
Baseline,光伏,7,178.05758214605737,334.8962709372406,6.538411920644369,-30.163406803635453,0.9882833474374871,3.665702515969073,2401.1272791090623,552.0645569124421,297.09974649132175,6.5375498893324195,49.7196261682243
Baseline,光伏,8,186.9547440732207,350.3629022089997,6.411357575666504,-20.584855459549413,0.9895430266767561,4.007334077338283,2800.4314622119805,529.9697193548387,325.5284221977593,6.409556911421014,52.67264923917284
Baseline,光伏,9,152.54841360449737,290.17651456853963,5.850147357688272,53.09255987433862,0.9920250801401574,3.2998306601795995,2017.277674761905,385.2225099999997,284.6348810038276,5.846933851818802,67.97752808988764
Baseline,光伏,10,142.82602559843832,290.82925844761,6.040910085554513,36.198076558499736,0.9914273187874039,4.395199257006461,2513.2505264976944,447.6624684331799,287.26360123019447,6.036906611663822,67.31289449954915
Baseline,光伏,11,100.63641240079367,204.30936464545144,5.426968111525828,60.99533228505291,0.9937788827025774,3.6165689822825966,1566.2202272222228,310.08123880952365,218.82048387642067,5.424848670190728,74.32024169184291
Baseline,光伏,12,74.09569452764977,158.8076129753682,4.894562599801667,19.292375323220696,0.9946291580355101,2.41754476206102,877.6964183563744,234.07321036866358,165.109034155909,4.893847489138936,59.36095856215676
XGBoost,负载,2,95.28546437251983,122.16995911066529,2.1095347647066216,0.4495090151832113,0.9925848034797665,0.6802652284536422,649.0807156156994,106.92006535993308,,,
XGBoost,负载,3,93.69095438919341,120.27965393195181,2.1510410623313128,-3.053032257626985,0.9923708972042423,0.7310229372638066,663.2007686575934,154.96167849672366,,,
XGBoost,负载,4,82.02755695321542,102.59457895677234,1.867264574457434,-5.473297588342744,0.9943840090079201,0.30272147467456606,300.32320791883444,103.530138326823,,,
XGBoost,负载,5,104.96111820659021,138.2429394730055,2.3845949716727355,-1.1812388281600024,0.9895258552797982,0.6428621815995089,618.9315525873657,83.36263425529238,,,
XGBoost,负载,6,132.29382278361004,178.69651803793678,2.7559514614252354,5.261837950349034,0.9820376015142032,1.0301006575457934,1054.30719758138,186.3894576367187,,,
XGBoost,负载,7,167.5083206300578,229.46731471666624,3.138388119964159,2.441160904685401,0.9701843105470519,1.6531337810228686,1921.188799542169,235.04295783770155,,,
XGBoost,负载,8,125.22829984480882,156.91050948010147,2.4821448665339934,14.751545598337048,0.9861920549149918,0.5178737622970329,566.1430685935404,142.94857526461706,,,
XGBoost,负载,9,141.7234464296694,204.35278613547223,3.124452113032948,1.8736188229709148,0.9768746409250094,1.7512890461454058,1725.8074663281266,178.99751992187495,,,
XGBoost,负载,10,95.48142430734943,127.39884609186997,2.1964276669988245,-4.533024670060133,0.9913841093434009,0.7464912455517093,756.2775059570338,122.59806762222776,,,
XGBoost,负载,11,82.95944366721824,103.75578320675491,1.9125887679501241,-5.660993102982128,0.9943327196938048,0.281964336866465,282.32957931966325,99.9212839518229,,,
XGBoost,负载,12,117.24344755119954,158.93955463600903,2.499189192580212,-18.40462492680156,0.9876954887779443,1.2222282440948962,1303.8836988879793,156.85018557207655,,,
XGBoost,光伏,2,109.57253093439085,223.77949593385142,5.5720125106235505,-15.197221630571667,0.9928924949751428,3.0667830709706743,1444.0035242495344,405.61084388950894,222.90945342983272,5.44565204572592,46.92823954568921
XGBoost,光伏,3,166.94967431177872,336.3604439915301,7.245460870946728,-12.68605587292726,0.9868282971227772,5.023996030346185,2739.209361487644,644.8306211189515,315.5170331571462,7.128803281455208,49.526678141135974
XGBoost,光伏,4,183.00381029073097,359.7281371096003,6.773689886043053,-9.004837719968158,0.9875946284005966,4.286928046520557,2755.6109125398602,664.0944360156251,321.19097623938063,6.670808287040971,51.278877887788774
XGBoost,光伏,5,189.09877395059547,349.0975983144582,6.737880366075593,4.695261990094553,0.9881139649659341,3.785617618630751,2529.3152307041514,687.2750083165323,315.1379716290587,6.643256594133354,53.8053767512306
XGBoost,光伏,6,202.90688522147983,399.85230132095825,8.562098517775468,10.631784121301532,0.9774171094755576,5.023416737407185,2849.6310353205977,625.1358361328125,323.6848275913942,8.451267426732745,54.80733258511036
XGBoost,光伏,7,187.64524519932925,347.92881047806185,6.890478311994178,-23.322192824966518,0.9873536932178838,3.632997219413889,2366.6746438829236,641.0571471018142,308.583656885841,6.790248311378989,51.32710280373832
XGBoost,光伏,8,183.09614803598092,338.87592556687486,6.279032295249416,-0.7780634707553361,0.9902174696634056,3.6015158444630337,2498.9335180293183,605.3414341733869,313.7007680711156,6.176673952257246,56.262192742879435
XGBoost,光伏,9,155.61418223545118,302.0044451112647,5.9677178904252255,25.148388835977883,0.9913616961095348,3.3409528941008784,2074.4684124174805,450.9539765624999,284.65243692817904,5.84729448340418,61.10630942091616
XGBoost,光伏,10,131.8648336292558,275.3634960558088,5.577300075831902,19.31348000922498,0.9923148346487699,3.74945881708021,2148.772012967959,391.44346781754035,258.6580224981078,5.435754197509472,63.43552750225429
XGBoost,光伏,11,98.51675708476371,197.87728344751548,5.3126625482302305,48.49690058061817,0.994164424093964,3.1999172313620567,1372.8782203186674,324.02507822916664,206.3611898446896,5.115966323062189,68.37865055387714
XGBoost,光伏,12,78.53302942648737,160.78896747125316,5.187681026953202,21.845833781939852,0.9944943039692606,2.561165888033233,928.1567013155086,247.77703130040314,167.02242169811157,4.950560478025514,61.55766350474289
LightGBM,负载,2,94.67538734353609,121.34573550669023,2.0960282061746853,2.472022223468125,0.9926845197010556,0.6664940720811157,630.7357703364079,98.63418815294813,,,
LightGBM,负载,3,93.01680296712321,120.08258033555236,2.135563288617127,-3.5165827506908136,0.992395876707707,0.7361032768565317,674.0256821311716,150.42609600818665,,,
LightGBM,负载,4,81.67922903680731,102.21613403861016,1.8593352833415913,-4.719337454095242,0.9944253644742939,0.2590686197598824,263.60379817291107,99.81914338893503,,,
LightGBM,负载,5,105.67151855414626,138.6394243876541,2.400734444323193,-0.448356828540443,0.9894656887985745,0.621689529094818,618.7500286768096,82.19826889111545,,,
LightGBM,负载,6,134.27958586113243,180.58917399843526,2.797318976101213,5.723692583391351,0.9816550906755759,1.0252931110654373,1055.1380830758455,192.04742148011871,,,
LightGBM,负载,7,169.19947155567033,232.0724747931487,3.170073041370126,2.118733389961833,0.969503467900548,1.6964526505488526,1986.4852983819358,273.35473957879896,,,
LightGBM,负载,8,125.41688547786883,157.2787232693583,2.4858828144385967,13.462211038150068,0.9861271740946801,0.5065336614700274,565.2062136458366,137.54018078723317,,,
LightGBM,负载,9,142.12108557334093,203.85987876241927,3.13321851332851,-0.05769267441769612,0.9769860650282787,1.716475154144637,1691.4922865129095,174.3880257903398,,,
LightGBM,负载,10,95.9674229033141,127.47239789201797,2.207607441180484,-5.152773975748817,0.9913741579628382,0.7225069830952872,735.345973118583,125.74821633520062,,,
LightGBM,负载,11,83.24091785498896,103.93671588977867,1.9190780155414855,-6.45575738137214,0.9943129368873135,0.29023689448887463,292.23132187528586,102.39468154847263,,,
LightGBM,负载,12,115.43510255995065,155.146075692578,2.460642080967751,-10.477093322838385,0.9882758336194406,1.0518337789978756,1131.939143047982,145.19952102396343,,,
LightGBM,光伏,2,107.97034655527652,219.0943226050057,5.490537789462859,-10.124232288261865,0.9931869929156248,3.129040037037287,1471.2375212908287,401.54324979740016,219.40226106510696,5.359971743783342,47.70263293753227
LightGBM,光伏,3,162.83956806195266,326.98279365364726,7.067086075480312,-4.510209290429845,0.9875525069817613,4.933699898881709,2687.6070729726453,598.8366722614447,307.58734205560705,6.9496395533358974,51.16179001721171
LightGBM,光伏,4,179.91335402933964,354.21623901540147,6.659299960020267,-7.666830605808161,0.9879718760280711,4.13610213028793,2657.5299931655036,626.3168190955189,316.1398296333971,6.5659011348140615,52.06270627062707
LightGBM,光伏,5,188.93018575620914,346.4842424132491,6.731873309228124,9.09859732971414,0.9882912573491166,3.7299138482134815,2484.6376221386295,645.2265289627549,315.07027246017594,6.641829463826672,54.94131010980689
LightGBM,光伏,6,203.3480760994896,396.7671535819723,8.580715529014588,8.575759062205455,0.9777642515096011,4.858045090098894,2752.8607783185153,620.5415452946837,324.2281204674455,8.465452562998522,54.73251028806584
LightGBM,光伏,7,189.7731076888061,351.970740873399,6.96861506584089,-20.442747002665534,0.9870581592028874,3.7697148146520645,2454.076656577765,659.7788208792797,311.6778026109699,6.858333633839826,51.214953271028044
LightGBM,光伏,8,180.73442075151482,333.8170692293178,6.198040084048881,1.6283541628450005,0.9905073635262779,3.3674626233823717,2335.212267933118,610.5276156871295,309.55951636341655,6.095133949311232,56.30120952009364
LightGBM,光伏,9,155.9871736670365,302.6571074428348,5.982021905697299,26.892982665411964,0.9913243192584171,3.4130534362018414,2120.0409749569244,433.01415974126706,285.08430024268597,5.856165765181186,61.495246326707
LightGBM,光伏,10,131.55417685766238,274.6852605216583,5.564160666422438,21.332259441778373,0.9923526460010047,3.748308698602116,2150.94273381228,387.5149878541558,257.86828700254677,5.419157735534473,63.0297565374211
LightGBM,光伏,11,99.2659965936073,199.32886167918087,5.353066402316322,48.87537322990647,0.9940784934138751,3.307731662391079,1419.4110790224966,330.11623086689116,208.04434672594638,5.157694004160659,68.37865055387714
LightGBM,光伏,12,78.14644275681114,159.36327285511504,5.1621441497157114,21.538489335801117,0.9945915076683821,2.4831510911246313,899.4908337115593,244.80861222065596,166.02955045953564,4.921131680002537,61.8572141787319
SARIMA,负载,2,385.6539076353534,566.0457625554208,8.538031804317479,201.21426971549394,0.8408169229425968,10.684649540160633,8859.67788700849,515.932889437964,,,
SARIMA,负载,3,386.6340784965069,571.5932201305849,8.876692359092258,218.3614756999165,0.8277087330605857,10.922297101238513,8514.371670544937,488.7548722970116,,,
SARIMA,负载,4,344.3689463124489,497.61338407360586,7.839169638554785,141.32208896620955,0.8678820941467663,9.960012056435612,8070.042988341736,470.7356201643495,,,
SARIMA,负载,5,410.08504565928223,526.1770127332788,9.316657011147484,110.68296469565367,0.8482612881679591,11.221547505557778,9724.606416216744,492.78213350160945,,,
SARIMA,负载,6,461.2270562908429,528.170331600549,9.608304855720654,-120.40607716766833,0.8430793309883706,10.463011837305404,11036.204333054131,643.7441928341262,,,
SARIMA,负载,7,570.4066103481533,624.8960333432672,10.686975564749602,-382.3436007716949,0.7788847352462441,10.428877939121723,13535.16914239607,734.5416242407587,,,
SARIMA,负载,8,407.65227291896673,453.47777353201684,8.08005856352503,-80.36641317829167,0.8846714060018438,8.578920866756084,9712.921001140181,550.9392974145615,,,
SARIMA,负载,9,458.05505982048294,675.7896185629835,10.09833683554798,412.2600456524928,0.7470990910786566,11.18266188091675,9894.241095659823,444.20926218788395,,,
SARIMA,负载,10,483.2494480607822,718.8810822714523,11.116533561187287,453.34081559663014,0.7256636854168194,13.018768214467629,10963.0350101755,491.9462900329906,,,
SARIMA,负载,11,310.6039063571205,470.9746734005758,7.160818784694974,213.07839303938994,0.883226264077623,8.805133216724665,6647.517279701527,389.3434695643307,,,
SARIMA,负载,12,335.08859816855266,428.74187566768313,7.142828197149276,23.35254357483836,0.9104651335081599,8.14929310084989,7729.572645757004,505.0972255834422,,,
SARIMA,光伏,2,117.5924783872104,235.14591561579374,5.979845086549094,-15.062179437766122,0.9921521359304388,3.993842811807337,1844.3131268508828,386.5393831381043,244.74021940913016,5.9789751219154486,38.25503355704698
SARIMA,光伏,3,158.6186628380999,309.9404190770206,6.883902707405648,-54.91192883478566,0.9888162223728929,4.9142239988363725,2709.9142817351544,562.212269760457,304.64978960078724,6.8832683867151205,28.74354561101549
SARIMA,光伏,4,174.22555431087446,328.19253455930715,6.448772149885608,-35.275571124354244,0.9896743272621634,3.7540558748228725,2434.415336512796,585.9704289890673,310.47792667830333,6.448309197470492,35.89108910891089
SARIMA,光伏,5,216.60785900916662,400.6399929749359,7.718071407151701,65.99405944921155,0.9843450428528973,5.4176821367095505,3589.676595942406,566.0073488545914,366.1078228310743,7.717725019342203,51.533510034078
SARIMA,光伏,6,197.1478482098602,383.49144124674746,8.319083391861039,72.67414183612814,0.9792273606517263,5.724762781219908,3197.0862855698388,500.6558391501939,318.6197370692591,8.319020157493389,58.81032547699214
SARIMA,光伏,7,171.63109440061277,324.60975945346803,6.302426327802708,-36.556484076261775,0.9889920594837465,3.414732048522648,2240.597896150621,552.2804190104401,286.3760661706635,6.301579997329824,48.074766355140184
SARIMA,光伏,8,177.5330354612367,333.93702475532507,6.088252948476579,-41.89521587338308,0.9905005400358188,3.5270342746078764,2468.747713642411,559.1999950775838,309.1215922785718,6.086511355542787,48.53687085446742
SARIMA,光伏,9,153.0789393301222,293.87079365795137,5.8704927260773285,31.06826707000926,0.991820727837328,3.19141717520565,1976.6752984802722,439.3973960737542,285.62683679727127,5.867310482707254,62.96456352636128
SARIMA,光伏,10,136.63404953767343,279.8237888384119,5.77901684531164,38.178788807236195,0.9920638521949118,4.002885681889371,2268.018420267305,407.9288843633944,274.8014713223406,5.775012260573202,67.80883678990082
SARIMA,光伏,11,111.86439251869254,225.85827960703696,6.03245362718599,85.58829164699424,0.9923973696520317,4.767816771535105,2062.022334645484,320.921536028608,243.2436006775534,6.030329977760465,80.91641490433031
SARIMA,光伏,12,87.93901203501892,187.01877093207207,5.809014978724498,60.09752402881899,0.9925514774873465,4.19693626694448,1507.8648138697172,246.86049360273935,195.9605739380968,5.808290065046441,74.6380429355966
日总量+归一化曲线,光伏,2,125.41485263539774,249.58276245990336,6.377630615476757,-79.95243711557539,0.9911589108976027,4.574494787824253,2220.3098000000005,432.86737232787266,261.0266342590444,6.376850344254974,23.48993288590604
日总量+归一化曲线,光伏,3,169.83857595755322,326.0223343846852,7.370836520349814,-78.46478168682793,0.9876255245953971,5.555557764046709,3072.0781793010774,622.7102911477747,326.20339172510506,7.37025125421213,25.602409638554217
日总量+归一化曲线,光伏,4,194.09528107170897,371.0582483364985,7.184228788654405,-103.59929609953701,0.9868008750312462,5.270458135022652,3472.026865277778,725.0314118638855,345.8913864608455,7.183810561039652,25.90759075907591
日总量+归一化曲线,光伏,5,181.24204008135743,330.3267220879658,6.457932845670987,-30.282183456541162,0.989357817566908,3.5561618319952846,2400.7320373655916,568.3322027997648,306.33130724753755,6.457607968794974,38.20522529344945
日总量+归一化曲线,光伏,6,195.67105837559873,385.27700386942314,8.256767024246434,20.070924571759292,0.9790334726366562,5.22730023838415,2957.891395833333,543.1718678825333,316.2330931230401,8.25670594155692,49.943883277216614
日总量+归一化曲线,光伏,7,179.40311455006665,334.12757245737725,6.587820909601497,-23.505283064516068,0.9883370729474569,3.8401336360837437,2503.770153225807,544.034561799059,299.3490831241398,6.587045557466155,50.91588785046729
日总量+归一化曲线,光伏,8,182.93632936890583,343.9934516544713,6.273551532367659,-35.60544317876337,0.9899197774517561,3.8241253954771426,2680.7889825268817,532.4839372710859,318.54107563635466,6.271978155185905,49.20015606710886
日总量+归一化曲线,光伏,9,162.09978028764158,308.0825339758414,6.216436991539045,51.76611891203711,0.9910104911750743,3.6679211001302643,2256.3593955555552,448.39940104294345,302.4842034198915,6.2135923832624895,67.2428694900605
日总量+归一化曲线,光伏,10,133.50547266785742,275.06335286887605,5.646691861212167,6.659030443548444,0.9923315790098929,3.736273098218554,2145.6689801075263,434.37799254473094,268.5294591891066,5.643204571212604,60.820559062218216
日总量+归一化曲线,光伏,11,93.4426940616867,192.64683075768667,5.039036158286563,37.187332656250064,0.994468848156715,2.5870079681433196,1119.7895515277792,343.97198042036274,203.1825322926658,5.037163206056806,66.11278952668681
日总量+归一化曲线,光伏,12,91.26975957483722,191.43428907810915,6.029035216630393,64.36255038642479,0.9921956058039813,4.432567333030056,1599.7050124999998,250.9242080079054,203.3862247623996,6.028387062327774,75.13729405891164
晴空包络短期外推,光伏,2,108.93451716947037,223.7789960680157,5.539568058991638,1.3961362631012486,0.9928925267277835,3.331926366632559,1568.6717147475576,353.38977301079586,226.71330932964696,5.53857980335909,50.02581311306143
晴空包络短期外推,光伏,3,161.64540353421964,325.90208761133346,7.015260443625504,1.0267484661879183,0.9876346510641982,4.896848866234679,2605.8634565367706,528.540830163989,310.4569395289483,7.014475342642466,45.137693631669535
晴空包络短期外推,光伏,4,179.84773414323635,353.2515757239339,6.6568711102705524,7.929561645554298,0.9880373009781912,3.579817539722367,2272.542364456364,606.0351383933695,320.49306494485904,6.656313382789225,49.051155115511555
晴空包络短期外推,光伏,5,186.5498411010033,344.94738176945924,6.6470579654702915,2.3839544295043704,0.9883948972555732,3.4976194706435466,2341.5950739567725,507.7282386718253,315.29995473725563,6.646671274205403,49.86747444149943
晴空包络短期外推,光伏,6,232.6863228241803,447.08585407811916,9.818706829908173,-18.70260226583089,0.9717666646166028,7.2950677778271436,4183.8043703953535,616.8205255085652,376.05018713963113,9.818503761942821,45.37972315750093
晴空包络短期外推,光伏,7,195.2675677608078,371.1764215436168,7.17037588275916,53.55721275480371,0.9856072530632198,4.457474331752217,2884.5063882898753,548.9260803182066,325.8271873148816,7.169684651461385,57.345794392523366
晴空包络短期外推,光伏,8,194.01571830168484,370.7262375428541,6.653504041837587,0.28524664588205534,0.9882921697505967,4.408756686906387,3078.141795116902,486.8016689865624,337.85556210993695,6.652274595759349,54.11626999609832
晴空包络短期外推,光伏,9,152.32332569107507,302.27493797386626,5.841515360600652,3.8004407676314544,0.9913462152384227,3.159367862936133,1979.0529487587269,424.7188515210472,284.275389023531,5.839549212867873,54.40795159896283
晴空包络短期外推,光伏,10,154.04037834898205,324.1676021944491,6.515227678233268,11.127246232561353,0.9893492620481409,4.920425435458367,2827.0174362266976,529.4573273856552,309.89807390737104,6.512574942671325,58.02524797114518
晴空包络短期外推,光伏,11,98.59406400525197,207.5674587893963,5.316831438816464,-10.921777219483687,0.9935788860036923,2.4380696571000118,1088.9748591031212,335.8824130597028,214.41487229891067,5.315627743135611,51.40986908358509
晴空包络短期外推,光伏,12,78.12495384798878,170.30728431555139,5.160724650106416,-19.644139888672452,0.9938231623685417,2.696722574110826,981.9018807860614,274.5692147847462,174.08525652409452,5.159903574580129,39.69046430354468
自适应加权Baseline,光伏,2,115.29776029719689,228.1936828875288,5.863153450453132,-64.39746463503305,0.9926093297098227,3.8986205498205257,1880.8981155494787,392.43415726248156,239.96579245076433,5.862336426099984,25.86473928755808
自适应加权Baseline,光伏,3,154.40931392970035,307.11495518914074,6.7012208726929,-37.10733052144705,0.9890191989812991,4.409520886928961,2417.2039727837537,517.2805163662284,296.57076252414544,6.700730556162419,33.304647160068846
自适应加权Baseline,光伏,4,172.13332259067383,330.90966699555224,6.3713304353121964,-41.210378710849156,0.9895026453546872,3.699263021616593,2394.1975838806434,608.5387831237338,306.748645551352,6.370855840163743,33.78712871287129
自适应加权Baseline,光伏,5,177.9123408732292,326.6139355470576,6.339290537999304,5.755647674845452,0.9895957038529157,3.179409226041681,2124.8214076723757,499.81304377735256,300.70195512755686,6.338938579643166,44.14994320333207
自适应加权Baseline,光伏,6,202.02098838900648,392.74987393580994,8.524716168980637,52.13833817840474,0.9782122472602562,5.72694633501762,3237.5343282326753,539.1351424764109,326.49583765687873,8.524661654010634,54.20875420875421
自适应加权Baseline,光伏,7,176.7685563243418,332.26019539487936,6.491077897026043,-26.637158138391086,0.9884670725321815,3.5148024208833153,2303.4522305483583,545.3607896489996,294.9532354752183,6.490316853890608,49.94392523364486
自适应加权Baseline,光伏,8,186.6576690068503,352.4041018024104,6.40116979205739,-22.168247277604646,0.9894208279711976,3.72651400088016,2601.980297233216,531.6610824685955,325.0382968123391,6.39990648971475,51.892313694888806
自适应加权Baseline,光伏,9,152.0384842811787,289.2748795708007,5.830591849945303,51.52299004149699,0.9920745624062833,3.2434086356622727,1984.3310241058025,382.12129446234127,283.68925294256746,5.82750887936598,67.15643906655143
自适应加权Baseline,光伏,10,138.1739686802994,285.0204874212137,5.844148623925868,23.905260656432343,0.991766345500662,4.16644438068664,2389.0904979813045,462.44764706310883,277.94663060785194,5.841108462125115,65.05861136158701
自适应加权Baseline,光伏,11,97.28186833241064,200.76443040883206,5.246069336882315,53.70892697689354,0.9939928927558312,3.3340643492912103,1440.2126302281474,327.4488698050619,211.53794762043492,5.2443049823968035,72.8600201409869
自适应加权Baseline,光伏,12,74.14951089596222,159.0379132571166,4.898117564570923,18.598034162021804,0.9946135693207692,2.3976893770574694,869.2165698135965,238.90167198469018,165.22756801184232,4.897360843912058,59.06140788816775
