模型,对象,月份,MAE,RMSE,WAPE_percent,Bias,Daylight_MAE,Daylight_WAPE_percent
Baseline,负载,2,146.43792177579365,184.38203333747532,3.2420030203224712,52.0997816468254,,
Baseline,负载,3,141.2300249327957,180.7780141843748,3.2424193012808535,30.646808400537633,,
Baseline,负载,4,125.52264460648148,156.91132280144637,2.8573482253218327,2.671280810185186,,
Baseline,负载,5,160.47889072580645,208.9597622638824,3.6458573240124084,-25.0791732078853,,
Baseline,负载,6,210.3437200694444,287.1281293961428,4.381820669071431,-59.932309791666675,,
Baseline,负载,7,288.2680412858423,383.71144241137694,5.401050611589827,-112.05173613351258,,
Baseline,负载,8,183.77835450268816,231.55202998723743,3.6426542154838373,37.78574097222222,,
Baseline,负载,9,241.89689736111112,346.4102937953354,5.332929319120291,130.2963900462963,,
Baseline,负载,10,137.4344687724014,182.86668667057944,3.161579308454676,30.862420564516132,,
Baseline,负载,11,125.7949360185185,156.5799558887549,2.9000568730158816,-2.4863881018518468,,
Baseline,负载,12,180.5122559139785,241.14729627301278,3.847803999745833,-56.49116362007168,,
Baseline,光伏,2,116.56832147463152,231.34414853584863,5.927764377259391,-65.61514957837304,248.7712200710883,5.926836832584619
Baseline,光伏,3,161.25448142281107,310.6056665211539,6.998294786918027,-47.80624735343063,318.19542853353545,6.997512238645978
Baseline,光伏,4,172.68998584986775,330.94965378543736,6.391934729194074,-37.143802767857146,316.2139446738933,6.391329481199838
Baseline,光伏,5,179.59193837685612,330.5102685980351,6.399137182195706,4.009129768305167,309.16291073219105,6.398835712907247
Baseline,光伏,6,207.31131523478834,399.40253810577343,8.74795304729245,55.48392708002647,346.31919472433987,8.747935198324098
Baseline,光伏,7,181.13419597414236,340.3922890221129,6.651387556314122,-30.163406803635432,308.6805636338842,6.650174114759406
Baseline,光伏,8,189.73021473374294,355.31114895753194,6.5065385507928175,-20.584855459549413,338.05440204815153,6.502957324681791
Baseline,光伏,9,154.82999741402116,294.76644709585446,5.937644835893685,53.09255987433861,296.15778739235054,5.931142152217191
Baseline,光伏,10,144.34285149449565,294.02951889973434,6.105065121831202,36.198076558499736,298.81033842021486,6.098359212887636
Baseline,光伏,11,101.67074004298942,207.07283496670584,5.482745766920683,60.99533228505291,226.3707347012451,5.47920535491353
Baseline,光伏,12,75.44721762992832,161.87897320625095,4.983840586482959,19.29237532322069,176.18389310757271,4.98225007149261
XGBoost,负载,2,109.99160021120103,140.11908863227498,2.435114455125795,0.4765919125511528,,
XGBoost,负载,3,106.24639015089467,135.48371359341292,2.439250055224482,-3.1251529317876336,,
XGBoost,负载,4,95.1888129026512,119.60995588080391,2.166840783753197,-5.472438371582034,,
XGBoost,负载,5,120.32592242068492,157.03249500128302,2.7336376986525206,-1.1919130631860428,,
XGBoost,负载,6,148.3001794160518,198.06828776170263,3.089347241637257,5.231837876880792,,
XGBoost,负载,7,186.03124492099994,250.84365064033125,3.4855205061010373,2.735046369917677,,
XGBoost,负载,8,145.12215186019404,181.95896755560324,2.876453103871321,14.884315700779846,,
XGBoost,负载,9,157.5838219906503,221.27479333443327,3.4741387495285716,1.8158644555664103,,
XGBoost,负载,10,108.48081102649319,142.2189476914301,2.4955216152777506,-4.542624584610914,,
XGBoost,负载,11,96.75560524531612,120.77357806369415,2.230588661797827,-5.66956361554181,,
XGBoost,负载,12,131.42728105433747,174.04456367812583,2.801507383285872,-18.41312522628948,,
XGBoost,光伏,2,111.5704551413012,227.69901732700782,5.673611502462553,-15.180485049537058,232.67245747685067,5.543292710900055
XGBoost,光伏,3,169.35603134580512,340.7137447053661,7.349894532188891,-12.666392154488346,328.7164385491379,7.228882301649055
XGBoost,光伏,4,185.84631684169452,364.78135013254433,6.878902219298215,-8.982637077055685,335.02742986623673,6.77158843112675
XGBoost,光伏,5,192.31385633102798,354.997251895925,6.85243869976469,4.718296345320505,326.3393411110707,6.754341345417765
XGBoost,光伏,6,206.57422633224044,405.4910545783536,8.716849973618606,10.655974271723606,340.42586188493743,8.59907110252287
XGBoost,光伏,7,190.93922618226972,353.62338928210033,7.011435837451121,-23.298316956197407,320.598780128223,6.906938628506879
XGBoost,光伏,8,186.29830254117957,344.54425780259885,6.388845809996703,-0.7535285350561929,326.5619430409696,6.281883527013232
XGBoost,光伏,9,157.97189870139792,306.7800316882289,6.058135013930664,25.172097598758267,296.2511033915469,5.9330109886276166
XGBoost,光伏,10,134.17113931368675,278.9943624045234,5.674846620385496,19.336769518476107,270.8671314989825,5.528072005735921
XGBoost,光伏,11,99.99643541154485,201.07096427163398,5.392456401202416,48.52049232579385,214.4289682680847,5.190160082899668
XGBoost,光伏,12,79.95250302463398,164.2652944995676,5.2814476409135,21.868554217554077,177.98560915308283,5.0332002448496675
LightGBM,负载,2,109.66096496415452,138.89970595636748,2.4277944900747266,2.4928718793704663,,
LightGBM,负载,3,105.69791279776425,135.34964342217654,2.426657877626611,-3.595501271021122,,
LightGBM,负载,4,94.91784215464259,119.42858549100953,2.160672511977504,-4.713887545496626,,
LightGBM,负载,5,120.87358049178914,157.47362406911776,2.7460797287572856,-0.4721277741911633,,
LightGBM,负载,6,149.82950857897322,199.78670605237141,3.1212057926493357,5.685220247732828,,
LightGBM,负载,7,188.20829838273463,254.0256237623174,3.5263102373474027,2.399494997159172,,
LightGBM,负载,8,145.151846541695,182.3163858838034,2.877041679479366,13.599669918225633,,
LightGBM,负载,9,158.2076816491769,221.30239659307819,3.4878925409176613,-0.10596800399565903,,
LightGBM,负载,10,108.75126210412189,142.46530219260202,2.501743144262566,-5.180322773860123,,
LightGBM,负载,11,96.79658680405856,120.86513312389344,2.231533444273653,-6.484139875061295,,
LightGBM,负载,12,129.9814102310652,170.90786953161216,2.7706871627488567,-10.476669922888174,,
LightGBM,光伏,2,110.19856220078529,223.19282039953833,5.603847624941389,-10.106969900868322,229.55600303493043,5.4690449061573405
LightGBM,光伏,3,165.07087577881768,331.2581127810978,7.163922758871472,-4.49053833283379,320.2279166528872,7.042209173971583
LightGBM,光伏,4,183.03559292168052,359.23732203714627,6.77486628606157,-7.646598708245138,330.3674247199923,6.6774002121206255
LightGBM,光伏,5,191.8787144080015,352.44215879560585,6.83693392330124,9.120442763118719,325.82435321499133,6.7436824894335725
LightGBM,光伏,6,207.3240221175203,402.66948867979227,8.748489241920277,8.600948844301497,341.494796047843,8.626072108908946
LightGBM,光伏,7,192.87282160223035,357.6749123091616,7.082438954483249,-20.416037619254723,323.39739568890496,6.967231639960897
LightGBM,光伏,8,183.98544765832233,339.7207411890585,6.309529611051699,1.6526627453755562,322.40122037157636,6.201846107606853
LightGBM,光伏,9,158.17097225133116,307.5004138757356,6.0657693745550025,26.917722691984217,296.3559249184292,5.935110245858113
LightGBM,光伏,10,133.52400262671895,278.34844945168874,5.647475596633654,21.356109816641812,269.35791377828144,5.497270689289007
LightGBM,光伏,11,100.75885905653773,202.59739692122596,5.433571229425535,48.898816607875574,216.1871749498649,5.232716712309246
LightGBM,光伏,12,79.50811180939378,162.83232047694526,5.252092350627593,21.56163688585991,176.8228728971211,5.000319584238682
SARIMA,负载,2,392.45081251620707,571.0401080807671,8.688505709972922,202.0838263084515,,
SARIMA,负载,3,393.1771297665337,575.9603311719669,9.026728664700375,218.8561332987749,,
SARIMA,负载,4,350.66343338604986,502.6723748049236,7.982364793317563,141.9129921043707,,
SARIMA,负载,5,414.2005488564556,532.2215231173842,9.410060711588827,111.105379700495,,
SARIMA,负载,6,464.61662468570023,535.7526210567692,9.678761641041001,-121.21461747897362,,
SARIMA,负载,7,573.433541898038,632.9279165986027,10.743971369005962,-383.428097097489,,
SARIMA,负载,8,411.49815998824647,463.72954402349666,8.156267974001818,-80.35277637658949,,
SARIMA,负载,9,464.70005697345624,682.2003481750626,10.244912545244688,414.1167059671429,,
SARIMA,负载,10,489.2297957272614,722.9265982878183,11.254373179208027,454.69221910474715,,
SARIMA,负载,11,320.6316531159553,476.19601875287464,7.391792219588914,213.95122290771192,,
SARIMA,负载,12,340.821300453469,435.288623210922,7.264955813905383,23.74470573170853,,
SARIMA,光伏,2,119.2013711470184,238.37015798463696,6.061660944131774,-15.062179437766119,254.3895747736017,6.060691028338719
SARIMA,光伏,3,160.60084083957872,313.8301158596988,6.969927392438251,-54.91192883478566,316.9052659893056,6.969139963674278
SARIMA,光伏,4,176.58853463329854,332.922726372859,6.536235333769564,-35.27557112435425,323.35331564693615,6.535630746042186
SARIMA,光伏,5,218.8597759236954,405.3495776681116,7.798310672840442,65.99405944921153,376.76473125020095,7.798010479258502
SARIMA,光伏,6,200.12846371066465,388.88522163532036,8.444856962992644,72.67414183612814,334.3200063337446,8.444838736815626
SARIMA,光伏,7,175.08811639399192,330.28051328464846,6.429370845070717,-36.55648407626177,298.3762211516974,6.428178693868797
SARIMA,光伏,8,180.44500570604603,339.1078357601903,6.188114990393321,-41.89521587338307,321.5065300678586,6.184635466867868
SARIMA,光伏,9,155.1878365624513,298.395240300829,5.951367769480483,31.068267070009252,296.84699996364395,5.944944989446053
SARIMA,光伏,10,138.10294299393541,283.13901162208674,5.841144551080657,38.1787888072362,285.8774924579102,5.834415399095745
SARIMA,光伏,11,112.87997580060261,228.37545991253538,6.087220465093271,85.58829164699424,251.3442478475119,6.083678398403968
SARIMA,光伏,12,89.12761051068435,189.66759650149294,5.887530602098571,60.09752402881899,208.14051303135895,5.88594148783981
