模型,月份,MAE,RMSE,WAPE_percent,Bias,Daylight_MAE,Daylight_WAPE_percent,R2,Daily_energy_MAPE_percent,Daily_energy_MAE,Daily_peak_MAE,Overforecast_rate_percent
Baseline,2,116.56832147463152,231.34414853584863,5.927764377259391,-65.61514957837304,248.7712200710883,5.926836832584619,0.9924120751835238,3.93782768066392,1901.7248357993196,411.65631173469365,25.780836421386976
Baseline,3,161.25448142281107,310.6056665211539,6.998294786918027,-47.80624735343063,318.19542853353545,6.997512238645978,0.988779817066436,4.876375926541471,2658.191604531492,577.3928253456219,30.327144120247567
Baseline,4,172.68998584986775,330.94965378543736,6.391934729194074,-37.143802767857146,316.2139446738933,6.391329481199838,0.9895104443870126,3.5516635871756326,2295.5993886507954,605.8230300000002,35.777871979652396
Baseline,5,179.59193837685612,330.5102685980351,6.399137182195706,4.009129768305167,309.16291073219105,6.398835712907247,0.9893565538693158,3.169149177887646,2119.3622268817226,522.8978580645161,44.04165059776321
Baseline,6,207.31131523478834,399.40253810577343,8.74795304729245,55.48392708002647,346.31919472433987,8.747935198324098,0.9774940541423371,5.894590255296701,3328.3858264285714,575.527300952381,55.761794276875484
Baseline,7,181.13419597414236,340.3922890221129,6.651387556314122,-30.163406803635432,308.6805636338842,6.650174114759406,0.9879077292981736,3.6657025159690724,2401.1272791090632,566.1399953917053,49.064528445971746
Baseline,8,189.73021473374294,355.31114895753194,6.5065385507928175,-20.584855459549413,338.05440204815153,6.502957324681791,0.9892559733078756,4.007334077338283,2800.431462211981,529.2170562211986,52.1964856230032
Baseline,9,154.82999741402116,294.76644709585446,5.937644835893685,53.09255987433861,296.15778739235054,5.931142152217191,0.9917789344965434,3.2998306601796012,2017.2776747619064,388.14210190476183,67.50886524822694
Baseline,10,144.34285149449565,294.02951889973434,6.105065121831202,36.198076558499736,298.81033842021486,6.098359212887636,0.9912466317074895,4.39519925700646,2513.2505264976962,460.9385852534562,66.71309192200557
Baseline,11,101.67074004298942,207.07283496670584,5.482745766920683,60.99533228505291,226.3707347012451,5.47920535491353,0.9936165456864112,3.616568982282595,1566.2202272222219,309.22458761904744,74.3166580711707
Baseline,12,75.44721762992832,161.87897320625095,4.983840586482959,19.29237532322069,176.18389310757271,4.98225007149261,0.9944261465254505,2.4175447620610218,877.696418356375,230.79225253456218,59.70695970695971
XGBoost,2,111.5704551413012,227.69901732700782,5.673611502462553,-15.180485049537058,232.67245747685067,5.543292710900055,0.9926493068569736,3.0668610272819397,1444.0338608409936,415.7819789341518,45.950238221281104
XGBoost,3,169.35603134580512,340.7137447053661,7.349894532188891,-12.666392154488346,328.7164385491379,7.228882301649055,0.9864991691455768,5.0239917168241925,2739.200890693439,649.5947875504032,47.87798408488064
XGBoost,4,185.84631684169452,364.78135013254433,6.878902219298215,-8.982637077055685,335.02742986623673,6.77158843112675,0.9872562136920303,4.28679603453835,2755.5105868070978,677.7356023958334,50.699448919033486
XGBoost,5,192.31385633102798,354.997251895925,6.85243869976469,4.718296345320505,326.3393411110707,6.754341345417765,0.9877210187993969,3.785670075793256,2529.3381157011418,716.8098477318549,52.834554569996136
XGBoost,6,206.57422633224044,405.4910545783536,8.716849973618606,10.655974271723606,340.42586188493743,8.59907110252287,0.9768026601769993,5.023643989112271,2849.7466451426067,638.0767089062501,53.4416086620263
XGBoost,7,190.93922618226972,353.62338928210033,7.011435837451121,-23.298316956197407,320.598780128223,6.906938628506879,0.9869494024042405,3.632924745850314,2366.6162550139566,647.7007818800404,50.40091638029782
XGBoost,8,186.29830254117957,344.54425780259885,6.388845809996703,-0.7535285350561929,326.5619430409696,6.281883527013232,0.9898972538363403,3.601549389347205,2498.9447662000052,612.5694596270162,55.07188498402555
XGBoost,9,157.97189870139792,306.7800316882289,6.058135013930664,25.172097598758267,296.2511033915469,5.9330109886276166,0.9910951585573583,3.341178773858458,2074.591759436306,464.1580542447917,60.195035460992905
XGBoost,10,134.17113931368675,278.9943624045234,5.674846620385496,19.336769518476107,270.8671314989825,5.528072005735921,0.9921189480517046,3.7496531184205026,2148.8601014983265,408.89585025201615,61.46703806870938
XGBoost,11,99.99643541154485,201.07096427163398,5.392456401202416,48.52049232579385,214.4289682680847,5.190160082899668,0.9939812234924641,3.200804357394968,1373.2583209543561,325.04250674479164,67.45745229499742
XGBoost,12,79.95250302463398,164.2652944995676,5.2814476409135,21.868554217554077,177.98560915308283,5.0332002448496675,0.9942606025684014,2.5618150295957225,928.3846801449234,241.13268409778215,59.07901622187336
LightGBM,2,110.19856220078529,223.19282039953833,5.603847624941389,-10.106969900868322,229.55600303493043,5.4690449061573405,0.9929373705481589,3.1291325803353462,1471.2735654389712,410.71295773423407,46.373742721016406
LightGBM,3,165.07087577881768,331.2581127810978,7.163922758871472,-4.49053833283379,320.2279166528872,7.042209173971583,0.9872381323807033,4.933691405174515,2687.596433165424,609.1722763098644,49.51370468611848
LightGBM,4,183.03559292168052,359.23732203714627,6.77486628606157,-7.646598708245138,330.3674247199923,6.6774002121206255,0.987640635853916,4.136010194451203,2657.4578882926744,642.4893521451681,49.80924120389996
LightGBM,5,191.8787144080015,352.44215879560585,6.83693392330124,9.120442763118719,325.82435321499133,6.7436824894335725,0.9878971386594453,3.729956732417855,2484.6550469395497,668.5710043419542,54.338603933667564
LightGBM,6,207.3240221175203,402.66948867979227,8.748489241920277,8.600948844301497,341.494796047843,8.626072108908946,0.9771243693690043,4.85822815246137,2752.948671904111,640.2977566252304,52.977571539056456
LightGBM,7,192.87282160223035,357.6749123091616,7.082438954483249,-20.416037619254723,323.39739568890496,6.967231639960897,0.9866486434836738,3.769487447010586,2453.914702135147,673.2415488669127,50.59182894234441
LightGBM,8,183.98544765832233,339.7207411890585,6.309529611051699,1.6526627453755562,322.40122037157636,6.201846107606853,0.9901781446351439,3.3674417198796798,2335.185382669299,621.055089624562,54.43290734824281
LightGBM,9,158.17097225133116,307.5004138757356,6.0657693745550025,26.917722691984217,296.3559249184292,5.935110245858113,0.9910532886816845,3.413208557285821,2120.1160164368544,443.65368550511005,60.54964539007093
LightGBM,10,133.52400262671895,278.34844945168874,5.647475596633654,21.356109816641812,269.35791377828144,5.497270689289007,0.9921553973970918,3.748563682569333,2151.0671279964067,401.7525586018223,61.09563602599815
LightGBM,11,100.75885905653773,202.59739692122596,5.433571229425535,48.898816607875574,216.1871749498649,5.232716712309246,0.9938894933951709,3.3086355531123144,1419.79876321265,328.9642855019692,67.56059824651882
LightGBM,12,79.50811180939378,162.83232047694526,5.252092350627593,21.56163688585991,176.8228728971211,5.000319584238682,0.9943603014670337,2.4838083313798562,899.721471957043,239.29649958396632,59.7592883307169
SARIMA,2,119.2013711470184,238.37015798463696,6.061660944131774,-15.062179437766119,254.3895747736017,6.060691028338719,0.991944180082258,3.9938428118073364,1844.313126850882,394.50396849213365,38.85653785071466
SARIMA,3,160.60084083957872,313.8301158596988,6.969927392438251,-54.91192883478566,316.9052659893056,6.969139963674278,0.988545650693948,4.914223998836371,2709.9142817351535,580.460245361596,29.398762157382848
SARIMA,4,176.58853463329854,332.922726372859,6.536235333769564,-35.27557112435425,323.35331564693615,6.535630746042186,0.9893849972104749,3.754055874822871,2434.415336512795,594.8317520957676,36.96481559983044
SARIMA,5,218.8597759236954,405.3495776681116,7.798310672840442,65.99405944921153,376.76473125020095,7.798010479258502,0.9839907199437214,5.4176821367095505,3589.676595942405,571.5577675372988,52.44890088700347
SARIMA,6,200.12846371066465,388.88522163532036,8.444856962992644,72.67414183612814,334.3200063337446,8.444838736815626,0.978663729537245,5.724762781219905,3197.0862855698388,513.3350921583082,59.7061098221191
SARIMA,7,175.08811639399192,330.28051328464846,6.429370845070717,-36.55648407626177,298.3762211516974,6.428178693868797,0.9886154901844382,3.4147320485226436,2240.5978961506185,563.7478283850156,47.38449789996182
SARIMA,8,180.44500570604603,339.1078357601903,6.188114990393321,-41.89521587338307,321.5065300678586,6.184635466867868,0.9902135527653407,3.527034274607875,2468.74771364241,565.4868492581694,48.20287539936102
SARIMA,9,155.1878365624513,298.395240300829,5.951367769480483,31.068267070009252,296.84699996364395,5.944944989446053,0.9915752737522444,3.1914171752056513,1976.675298480273,450.2288554265214,62.943262411347526
SARIMA,10,138.10294299393541,283.13901162208674,5.841144551080657,38.1787888072362,285.8774924579102,5.834415399095745,0.9918830521015144,4.002885681889371,2268.0184202673054,423.33236031337253,67.59517177344475
SARIMA,11,112.87997580060261,228.37545991253538,6.087220465093271,85.58829164699424,251.3442478475119,6.083678398403968,0.9922355916894998,4.767816771535107,2062.0223346454854,317.94374937725684,81.07271789582259
SARIMA,12,89.12761051068435,189.66759650149294,5.887530602098571,60.09752402881899,208.14051303135895,5.88594148783981,0.9923482469142266,4.196936266944485,1507.864813869719,241.1757167318207,74.9869178440607
日总量+归一化曲线,2,126.65867864714285,252.6067109412458,6.440881998276636,-79.95243711557536,270.3122432571058,6.4400398051550205,0.9909531841757139,4.5744947878242535,2220.3098000000005,448.4478989539813,23.66331392271043
日总量+归一化曲线,3,171.61177803232098,329.68769969252753,7.447791844174034,-78.46478168682792,338.6382483218156,7.447075207919901,0.9873588473005416,5.555557764046705,3072.078179301075,638.1367407584262,26.25994694960212
日总量+归一化曲线,4,196.2833549017638,375.2556275666866,7.265217996196105,-103.59929609953701,359.4231054980907,7.264674847794603,0.9865138602587759,5.270458135022653,3472.026865277778,745.4501554538112,26.536668079694785
日总量+归一化曲线,5,183.764209427261,335.9424015185049,6.547801621446981,-30.28218345654117,316.3472037360287,6.547531138681549,0.9890038160279885,3.556161831995288,2400.7320373655934,586.1370313407484,39.06671808715773
日总量+归一化曲线,6,198.8616834113628,390.6426896863877,8.391402405690853,20.07092457175928,332.2037600766304,8.391382892025774,0.9784704460566607,5.22730023838415,2957.8913958333337,557.7502189450337,50.65738592420727
日总量+归一化曲线,7,182.51791341040067,339.6593367338231,6.70219872914367,-23.50528306451607,311.045602090604,6.701126197197427,0.9879597487800718,3.8401336360837437,2503.770153225807,559.1006672641092,50.171821305841924
日总量+归一化曲线,8,185.8727913327954,349.01103321343965,6.374253484335599,-35.60544317876338,331.2014402488415,6.371130855750792,0.9896336057553605,3.8241253954771417,2680.7889825268817,534.3360204182935,48.402555910543136
日总量+归一化曲线,9,164.13793513474204,312.4302150337948,6.294599103563611,51.76611891203711,314.02069628515557,6.2888820341503715,0.9907641244900225,3.6679211001302647,2256.3593955555557,454.8262655604225,67.15425531914893
日总量+归一化曲线,10,135.31949159739193,278.43983339923636,5.72341685023918,6.659030443548449,280.1538692971477,5.717603142136794,0.9921502456642094,3.7362730982185552,2145.668980107527,448.84446072394525,60.6313834726091
日总量+归一化曲线,11,94.60597551100366,195.56916428422113,5.101767839390519,37.18733265625006,210.64799995211402,5.098643386313574,0.9943060944915281,2.587007968143316,1119.7895515277778,345.54773069311346,66.3744198040227
日总量+归一化曲线,12,92.37308893068113,194.03490524833902,6.101918190935489,64.36255038642479,215.7280386371162,6.10050678847518,0.9919918095758171,4.432567333030061,1599.7050125000017,244.64638419979414,75.71951857666144
晴空包络短期外推,2,110.74130577396203,227.5790589894719,5.631447370552924,1.3961362631012575,236.32315738906507,5.630268618717055,0.9926570499264599,3.331926366632558,1568.671714747557,366.4503703352971,50.34409740603494
晴空包络短期外推,3,163.65218647076566,330.03058109016945,7.102352959997081,1.0267484661879152,322.91762127806015,7.101359115627664,0.9873325395550813,4.8968488662346825,2605.8634565367715,533.0566119112822,45.57913351016799
晴空包络短期外推,4,182.4878751905294,358.1862360732748,6.75459310131197,7.929561645554306,334.15068078664274,6.753867542043876,0.9877128541267657,3.5798175397223657,2272.542364456363,616.6128519726132,49.59728698601103
晴空包络短期外推,5,189.26831442816578,350.71545627635373,6.743921354238605,2.3839544295043673,325.8188011435063,6.74356757657674,0.9880154380641814,3.497619470643546,2341.5950739567716,531.7720439337255,50.71345931353645
晴空包络短期外推,6,235.4364496709493,452.0507769803391,9.934754429637051,-18.702602265830883,393.2973622886701,9.93459181987199,0.9711696397546941,7.295067777827143,4183.804370395352,630.1449871037987,46.21036349574633
晴空包络短期外推,7,198.44622144538894,376.6674565191411,7.287098500759315,53.55721275480371,338.19987556066224,7.286134350641969,0.9851930833027654,4.457474331752218,2884.5063882898767,557.5705144491994,57.69377625047728
晴空包络短期外推,8,197.2784179572916,375.7881696213311,6.765393869815989,0.2852466458820619,351.5664122679921,6.762880062850342,0.9879819054594308,4.4087566869063854,3078.1417951168996,481.68945311294686,53.27476038338658
晴空包络短期外推,9,154.62093968749772,307.0563721697019,5.929627587614747,3.800440767631458,295.87994623474395,5.925577836600131,0.9910791087743253,3.159367862936132,1979.0529487587266,430.18103971852196,54.43262411347518
晴空包络短期外推,10,155.97198385729473,327.475749139304,6.596926060216436,11.127246232561356,323.02918190990226,6.5926366468668975,0.9891419553420656,4.920425435458365,2827.0174362266957,541.2539616000444,58.495821727019504
晴空包络短期外推,11,99.98697604979647,210.59782733079612,5.391946291060975,-10.92177721948369,222.6801187421323,5.389875597898834,0.9933973653206457,2.4380696571000104,1088.974859103121,345.4389170333925,50.69623517276946
晴空包络短期外推,12,79.67873100887039,173.41391413245404,5.263362996754739,-19.644139888672456,186.0771290660375,5.262017845333656,0.9936034978908752,2.6967225741108276,981.9018807860618,279.74923295602565,40.868655154369435
自适应加权Baseline,2,116.64925319202295,231.49831957806884,5.931879939234328,-64.39746463503305,248.94553612301775,5.930989816184535,0.9924019584108879,3.8986205498205235,1880.8981155494778,409.23561957764053,25.99258867125463
自适应加权Baseline,3,156.521008229712,311.18988743753783,6.792866444840365,-37.10733052144705,308.86163750332014,6.792250594040006,0.9887375690909306,4.409520886928959,2417.203972783752,527.3187302791534,33.863837312113176
自适应加权Baseline,4,174.8456073937172,335.66071562252415,6.471722750145728,-41.210378710849156,320.1602599852465,6.471092571399967,0.9892096816021603,3.699263021616598,2394.1975838806457,619.0103477151581,35.311572700296736
自适应加权Baseline,5,180.76859383459117,332.326147785734,6.441063227196824,5.7556476748454415,311.18806015352015,6.440750826238545,0.9892392788092746,3.179409226041681,2124.8214076723757,522.1129132006489,44.58156575395295
自适应加权Baseline,6,205.22343002661495,398.0870846402191,8.659850177709322,52.13833817840474,342.8313350559335,8.65983274594818,0.9776420590645434,5.726946335017617,3237.534328232676,551.1380160994207,55.29775715390565
自适应加权Baseline,7,180.01870511768627,337.8883924397291,6.610425870631792,-26.637158138391072,306.78678034612557,6.609374692693579,0.9880849744110591,3.514802420883314,2303.4522305483574,557.7353202941224,49.293623520427644
自适应加权Baseline,8,189.4482300512055,357.5416266871237,6.496868271284424,-22.168247277604653,337.6091943430684,6.494393121141667,0.9891206579330387,3.72651400088016,2601.9802972332163,534.4619719987928,51.397763578274756
自适应加权Baseline,9,154.2602357269793,293.890350015561,5.915794790067566,51.52299004149699,295.0801563354149,5.9095604709026235,0.9918277307424317,3.2434086356622776,1984.3310241058055,387.61074778540666,66.71099290780141
自适应加权Baseline,10,139.71185402473438,288.44379996584297,5.909194381858975,23.905260656432347,289.29304596429665,5.9041227335303725,0.991576050560174,4.1664443806866425,2389.0904979813063,472.2558302366526,64.9025069637883
自适应加权Baseline,11,98.48378271094283,203.61310161696883,5.310884356113139,53.70892697689354,219.29600496454805,5.3079645931205555,0.9938280708088008,3.3340643492912094,1440.212630228147,324.6828889247963,72.61474987106756
自适应加权Baseline,12,75.53478870039946,162.15438187837236,4.989625296230064,18.598034162021804,176.38696954198505,4.987992807460259,0.9944071645243333,2.397689377057475,869.2165698135985,237.71071235842157,59.131344845630565
