规划日期,比例窗口,有效历史比例数,跨日比例中位数
2025-02-01,28,28,0.9982787775022595
2025-02-02,28,28,0.9982787775022595
2025-02-03,28,28,0.9982787775022595
2025-02-04,28,28,0.9967076943459201
2025-02-05,28,28,0.9953485324476208
2025-02-06,28,28,0.9953485324476208
2025-02-07,28,28,0.9967076943459201
2025-02-08,28,28,0.9967076943459201
2025-02-09,28,28,0.9953485324476208
2025-02-10,28,28,0.9953485324476208
2025-02-11,28,28,0.9905111401371234
2025-02-12,28,28,0.9839045202443879
2025-02-13,28,28,0.9886418963972918
2025-02-14,28,28,0.9886418963972918
2025-02-15,28,28,0.9953485324476208
2025-02-16,28,28,0.9898673605215258
2025-02-17,28,28,0.9898673605215258
2025-02-18,28,28,0.9899673766791194
2025-02-19,28,28,0.9967076943459201
2025-02-20,28,28,1.000719575124078
2025-02-21,28,28,1.002484112376968
2025-02-22,28,28,1.002484112376968
2025-02-23,28,28,0.9984722315988102
2025-02-24,28,28,0.9984722315988102
2025-02-25,28,28,0.9984722315988102
2025-02-26,28,28,0.9984722315988102
2025-02-27,28,28,1.0064141127717638
2025-02-28,28,28,1.0064141127717638
2025-03-01,28,28,1.0064141127717638
2025-03-02,28,28,1.0130820358492165
2025-03-03,28,28,1.0130820358492165
2025-03-04,28,28,1.0130820358492165
2025-03-05,28,28,1.0130820358492165
2025-03-06,28,28,1.0084952861822891
2025-03-07,28,28,1.004039673107302
2025-03-08,28,28,1.004039673107302
2025-03-09,28,28,1.0084952861822891
2025-03-10,28,28,1.0084952861822891
2025-03-11,28,28,1.0129844111493382
2025-03-12,28,28,1.0147341360474333
2025-03-13,28,28,1.0147341360474333
2025-03-14,28,28,1.0147341360474333
2025-03-15,28,28,1.0129844111493382
2025-03-16,28,28,1.0147341360474333
2025-03-17,28,28,1.0129844111493382
2025-03-18,28,28,1.0084952861822891
2025-03-19,28,28,1.004830746439748
2025-03-20,28,28,1.0046881962356464
2025-03-21,28,28,1.0046881962356464
2025-03-22,28,28,1.0046881962356464
2025-03-23,28,28,1.0046881962356464
2025-03-24,28,28,1.0032121581335933
2025-03-25,28,28,1.0046881962356464
2025-03-26,28,28,1.0032121581335933
2025-03-27,28,28,0.9993081474483645
2025-03-28,28,28,0.9993081474483645
2025-03-29,28,28,0.9993081474483645
2025-03-30,28,28,0.9939602748538375
2025-03-31,28,28,0.9939602748538375
2025-04-01,28,28,0.9939602748538375
2025-04-02,28,28,0.9970732122066203
2025-04-03,28,28,0.9978642855390663
2025-04-04,28,28,1.0046881962356464
2025-04-05,28,28,1.0100048361764045
2025-04-06,28,28,1.0046881962356464
2025-04-07,28,28,1.0046881962356464
2025-04-08,28,28,1.0046881962356464
2025-04-09,28,28,1.0046881962356464
2025-04-10,28,28,0.9978642855390663
2025-04-11,28,28,0.9905853444480456
2025-04-12,28,28,0.9936107803804575
2025-04-13,28,28,0.9905853444480456
2025-04-14,28,28,0.9905853444480456
2025-04-15,28,28,0.9936107803804575
2025-04-16,28,28,1.0004346910770376
2025-04-17,28,28,1.0049948274185905
2025-04-18,28,28,1.0049948274185905
2025-04-19,28,28,1.0150480489656326
2025-04-20,28,28,1.0180997007867671
2025-04-21,28,28,1.0180997007867671
2025-04-22,28,28,1.0150480489656326
2025-04-23,28,28,1.0180997007867671
2025-04-24,28,28,1.0180997007867671
2025-04-25,28,28,1.0180997007867671
2025-04-26,28,28,1.0180997007867671
2025-04-27,28,28,1.0217057230470485
2025-04-28,28,28,1.0180997007867671
2025-04-29,28,28,1.0175450855094934
2025-04-30,28,28,1.0112880691458779
2025-05-01,28,28,1.0112880691458779
2025-05-02,28,28,1.0021255635828545
2025-05-03,28,28,0.9958323218555674
2025-05-04,28,28,0.9958323218555674
2025-05-05,28,28,0.9958323218555674
2025-05-06,28,28,0.9958323218555674
2025-05-07,28,28,0.9943802202701929
2025-05-08,28,28,0.9943802202701929
2025-05-09,28,28,0.9943802202701929
2025-05-10,28,28,0.9929144013965692
2025-05-11,28,28,0.9947163209769385
2025-05-12,28,28,0.9929144013965692
2025-05-13,28,28,0.9924835373715823
2025-05-14,28,28,0.9924835373715823
2025-05-15,28,28,0.9924835373715823
2025-05-16,28,28,0.9924835373715823
2025-05-17,28,28,0.9908884594409356
2025-05-18,28,28,0.9892929303931961
2025-05-19,28,28,0.9890775723058722
2025-05-20,28,28,0.9890775723058722
2025-05-21,28,28,0.9875682374954204
2025-05-22,28,28,0.9875682374954204
2025-05-23,28,28,0.9816982034574374
2025-05-24,28,28,0.9816982034574374
2025-05-25,28,28,0.9816982034574374
2025-05-26,28,28,0.9816982034574374
2025-05-27,28,28,0.9875682374954204
2025-05-28,28,28,0.9875682374954204
2025-05-29,28,28,0.9817583004039859
2025-05-30,28,28,0.9875682374954204
2025-05-31,28,28,0.9875682374954204
2025-06-01,28,28,0.9891590694529572
2025-06-02,28,28,0.9891590694529572
2025-06-03,28,28,0.9891590694529572
2025-06-04,28,28,0.9902886791320328
2025-06-05,28,28,0.9902886791320328
2025-06-06,28,28,0.9902886791320328
2025-06-07,28,28,0.9902886791320328
2025-06-08,28,28,0.9902886791320328
2025-06-09,28,28,0.9902886791320328
2025-06-10,28,28,0.9902886791320328
2025-06-11,28,28,0.9902886791320328
2025-06-12,28,28,0.9875682374954204
2025-06-13,28,28,0.9875682374954204
2025-06-14,28,28,0.9875682374954204
2025-06-15,28,28,0.9889132052618199
2025-06-16,28,28,0.9937915957990242
2025-06-17,28,28,0.9976578848444134
2025-06-18,28,28,0.9995088251995911
2025-06-19,28,28,0.9995088251995911
2025-06-20,28,28,1.0044563383555118
2025-06-21,28,28,1.0044563383555118
2025-06-22,28,28,0.9995088251995911
2025-06-23,28,28,0.9995088251995911
2025-06-24,28,28,0.9956425361542018
2025-06-25,28,28,0.9956425361542018
2025-06-26,28,28,0.9956425361542018
2025-06-27,28,28,1.0003989341984267
2025-06-28,28,28,1.005203847143967
2025-06-29,28,28,1.0003989341984267
2025-06-30,28,28,1.0003989341984267
2025-07-01,28,28,1.0003989341984267
2025-07-02,28,28,1.0003989341984267
2025-07-03,28,28,1.0003989341984267
2025-07-04,28,28,1.005203847143967
2025-07-05,28,28,1.0052646818098632
2025-07-06,28,28,1.001207277652778
2025-07-07,28,28,1.0035439310645684
2025-07-08,28,28,1.0035439310645684
2025-07-09,28,28,1.001207277652778
2025-07-10,28,28,1.001207277652778
2025-07-11,28,28,1.001207277652778
2025-07-12,28,28,1.0035439310645684
2025-07-13,28,28,1.001207277652778
2025-07-14,28,28,1.001207277652778
2025-07-15,28,28,1.001207277652778
2025-07-16,28,28,1.001207277652778
2025-07-17,28,28,1.0014420022861115
2025-07-18,28,28,1.0014420022861115
2025-07-19,28,28,1.0014420022861115
2025-07-20,28,28,1.0021478025316426
2025-07-21,28,28,1.0014420022861115
2025-07-22,28,28,1.0014420022861115
2025-07-23,28,28,1.0014420022861115
2025-07-24,28,28,1.0014420022861115
2025-07-25,28,28,0.9995984339373506
2025-07-26,28,28,0.9969910683178365
2025-07-27,28,28,0.9969910683178365
2025-07-28,28,28,0.9964979536968125
2025-07-29,28,28,0.9964979536968125
2025-07-30,28,28,0.9957892783450584
2025-07-31,28,28,0.9957892783450584
2025-08-01,28,28,0.9943371850725009
2025-08-02,28,28,0.991935302551257
2025-08-03,28,28,0.991935302551257
2025-08-04,28,28,0.9881214207047722
2025-08-05,28,28,0.991935302551257
2025-08-06,28,28,0.991935302551257
2025-08-07,28,28,0.9943371850725009
2025-08-08,28,28,0.9943371850725009
2025-08-09,28,28,0.991935302551257
2025-08-10,28,28,0.9943371850725009
2025-08-11,28,28,0.991935302551257
2025-08-12,28,28,0.9899880233076881
2025-08-13,28,28,0.9899880233076881
2025-08-14,28,28,0.9899880233076881
2025-08-15,28,28,0.9899880233076881
2025-08-16,28,28,0.9899880233076881
2025-08-17,28,28,0.9873880334444778
2025-08-18,28,28,0.9899880233076881
2025-08-19,28,28,0.9899880233076881
2025-08-20,28,28,0.9899880233076881
2025-08-21,28,28,0.9899880233076881
2025-08-22,28,28,0.9899880233076881
2025-08-23,28,28,0.985663247799845
2025-08-24,28,28,0.9916394714014818
2025-08-25,28,28,0.9916394714014818
2025-08-26,28,28,0.985663247799845
2025-08-27,28,28,0.9908944959426249
2025-08-28,28,28,0.993279331296713
2025-08-29,28,28,0.993279331296713
2025-08-30,28,28,0.9950165043648662
2025-08-31,28,28,0.9950165043648662
2025-09-01,28,28,0.9950165043648662
2025-09-02,28,28,0.9934879936430197
2025-09-03,28,28,0.9950165043648662
2025-09-04,28,28,0.9953655220655211
2025-09-05,28,28,0.9993069288949862
2025-09-06,28,28,0.9993069288949862
2025-09-07,28,28,0.9953655220655211
2025-09-08,28,28,0.9993069288949862
2025-09-09,28,28,0.9993069288949862
2025-09-10,28,28,0.9953655220655211
2025-09-11,28,28,0.9934879936430197
2025-09-12,28,28,0.9948292089529709
2025-09-13,28,28,0.9948292089529709
2025-09-14,28,28,0.9994291084408282
2025-09-15,28,28,0.999471608401781
2025-09-16,28,28,0.9999980715514095
2025-09-17,28,28,0.9999980715514095
2025-09-18,28,28,0.9999980715514095
2025-09-19,28,28,0.998120543128908
2025-09-20,28,28,0.998120543128908
2025-09-21,28,28,0.998120543128908
2025-09-22,28,28,0.9927430181841628
2025-09-23,28,28,0.998120543128908
2025-09-24,28,28,1.0010558218252341
2025-09-25,28,28,1.0010558218252341
2025-09-26,28,28,1.0010558218252341
2025-09-27,28,28,0.9958869592267954
2025-09-28,28,28,0.9862018625378617
2025-09-29,28,28,0.9958869592267954
2025-09-30,28,28,0.9891371412341878
2025-10-01,28,28,0.9764525965371926
2025-10-02,28,28,0.9764525965371926
2025-10-03,28,28,0.9764525965371926
2025-10-04,28,28,0.9764525965371926
2025-10-05,28,28,0.9803096977105012
2025-10-06,28,28,0.9803096977105012
2025-10-07,28,28,0.9899947943994349
2025-10-08,28,28,1.0029559650782287
2025-10-09,28,28,1.0029559650782287
2025-10-10,28,28,0.9924479770111856
2025-10-11,28,28,1.0029559650782287
2025-10-12,28,28,0.9924479770111856
2025-10-13,28,28,0.9836205334874991
2025-10-14,28,28,0.9836205334874991
2025-10-15,28,28,0.9836205334874991
2025-10-16,28,28,0.9916883741245905
2025-10-17,28,28,0.9950875158878991
2025-10-18,28,28,0.9950875158878991
2025-10-19,28,28,0.9894728578625582
2025-10-20,28,28,0.9894728578625582
2025-10-21,28,28,0.9894728578625582
2025-10-22,28,28,0.9860643426569411
2025-10-23,28,28,0.9860643426569411
2025-10-24,28,28,0.9860643426569411
2025-10-25,28,28,0.9860643426569411
2025-10-26,28,28,0.9860643426569411
2025-10-27,28,28,0.9860643426569411
2025-10-28,28,28,0.9894728578625582
2025-10-29,28,28,0.9950875158878991
2025-10-30,28,28,0.9950875158878991
2025-10-31,28,28,0.9933096226015252
2025-11-01,28,28,0.9933096226015252
2025-11-02,28,28,0.9894728578625582
2025-11-03,28,28,0.9894728578625582
2025-11-04,28,28,0.9894728578625582
2025-11-05,28,28,0.9894728578625582
2025-11-06,28,28,0.9894634844202496
2025-11-07,28,28,0.9933096226015252
2025-11-08,28,28,0.9894634844202496
2025-11-09,28,28,0.9933096226015252
2025-11-10,28,28,0.9933096226015252
2025-11-11,28,28,0.9894634844202496
2025-11-12,28,28,0.9894634844202496
2025-11-13,28,28,0.9856443229917632
2025-11-14,28,28,0.9838269678990306
2025-11-15,28,28,0.9844266168066681
2025-11-16,28,28,0.9844266168066681
2025-11-17,28,28,0.9844266168066681
2025-11-18,28,28,0.9830199079368047
2025-11-19,28,28,0.9844266168066681
2025-11-20,28,28,0.9844266168066681
2025-11-21,28,28,0.9830199079368047
2025-11-22,28,28,0.988683401210813
2025-11-23,28,28,0.9951982003654363
2025-11-24,28,28,0.9951982003654363
2025-11-25,28,28,0.9951982003654363
2025-11-26,28,28,0.988683401210813
2025-11-27,28,28,0.988683401210813
2025-11-28,28,28,0.9830199079368047
2025-11-29,28,28,0.9901343559990655
2025-11-30,28,28,0.9901343559990655
2025-12-01,28,28,0.9901343559990655
2025-12-02,28,28,0.9901343559990655
2025-12-03,28,28,0.9830199079368047
2025-12-04,28,28,0.9901343559990655
2025-12-05,28,28,0.9901343559990655
2025-12-06,28,28,0.9973992719773144
2025-12-07,28,28,0.9973992719773144
2025-12-08,28,28,0.9985980374100121
2025-12-09,28,28,0.9985980374100121
2025-12-10,28,28,0.9985980374100121
2025-12-11,28,28,0.9994156286176875
2025-12-12,28,28,1.0031664659572714
2025-12-13,28,28,1.0031664659572714
2025-12-14,28,28,1.0055270433066599
2025-12-15,28,28,1.0055270433066599
2025-12-16,28,28,1.0055270433066599
2025-12-17,28,28,1.0055270433066599
2025-12-18,28,28,1.0036324489240958
2025-12-19,28,28,1.0036324489240958
2025-12-20,28,28,1.0055270433066599
2025-12-21,28,28,1.0055270433066599
2025-12-22,28,28,1.0055270433066599
2025-12-23,28,28,1.0055270433066599
2025-12-24,28,28,1.0055270433066599
2025-12-25,28,28,1.006905015554238
2025-12-26,28,28,1.006905015554238
2025-12-27,28,28,1.006905015554238
2025-12-28,28,28,1.006905015554238
2025-12-29,28,28,1.0084009546113917
2025-12-30,28,28,1.0084009546113917
