24:00基础模型,边界预测方法,评价对象,月份,样本数,MAE,RMSE,WAPE_percent,Bias,MAPE_percent,R2
Baseline,XGBoost跨日边界,次日00:10端点,2,28,200.67581079799103,275.9716396808395,6.38473904604488,38.27511356026788,7.20768366447072,0.6673894748933755
Baseline,XGBoost跨日边界,最后10分钟区间平均,2,28,113.67944157366074,167.6490096339165,3.633039555097365,44.40934249441965,4.0777760956618785,0.8576512678943529
Baseline,XGBoost跨日边界,次日00:10端点,3,31,91.50669928175405,110.04680532270422,2.8769300774238595,-9.207249130544428,3.04884794104651,0.9361420225685445
Baseline,XGBoost跨日边界,最后10分钟区间平均,3,31,81.08531433341736,95.85378427597468,2.5536952587480917,-12.57443101688511,2.6644465492634817,0.9489582453244767
Baseline,XGBoost跨日边界,次日00:10端点,4,30,102.96158671875001,126.28498709758756,3.256579864247479,-11.578513671874967,3.386464215628461,0.9285684314508267
Baseline,XGBoost跨日边界,最后10分钟区间平均,4,30,100.54479092447909,128.2436059497484,3.1902990083085836,-6.437256835937538,3.194317942676652,0.9257631827601172
Baseline,XGBoost跨日边界,次日00:10端点,5,31,143.49039751764116,204.98642273094683,4.483924674788998,-73.11021062247985,4.314713810789048,0.8449270433268775
Baseline,XGBoost跨日边界,最后10分钟区间平均,5,31,142.5658281313004,204.9373594756097,4.42681583401641,-49.34333111769154,4.383065363169358,0.8371507561245037
Baseline,XGBoost跨日边界,次日00:10端点,6,30,288.6086676432291,389.74948858140584,7.498105769151962,-237.96292972656252,7.194771080936917,0.41524010349935603
Baseline,XGBoost跨日边界,最后10分钟区间平均,6,30,265.0473042252604,350.3654997693134,6.896349053897877,-190.24463152994798,6.872905695773612,0.47391981697722785
Baseline,XGBoost跨日边界,次日00:10端点,7,31,307.08492491179436,382.305146851207,7.134037151688882,-178.80387896925404,7.0867796027082,0.3847159142244675
Baseline,XGBoost跨日边界,最后10分钟区间平均,7,31,235.8679494644657,324.5956424708401,5.449301452227749,-138.03097174269163,5.476429887973592,0.5393400245386011
Baseline,XGBoost跨日边界,次日00:10端点,8,31,258.4939418346774,328.32876935353715,6.199094993288471,-57.0740408518145,6.555812449281919,0.5487829602175542
Baseline,XGBoost跨日边界,最后10分钟区间平均,8,31,174.6905298009073,237.91994072692177,4.1684551679775295,10.90975376764106,4.421382906098594,0.7750821410955945
Baseline,XGBoost跨日边界,次日00:10端点,9,30,244.83187226562495,332.62110939587654,7.297062634371378,117.61443497395832,7.901738457365805,0.5777947770375025
Baseline,XGBoost跨日边界,最后10分钟区间平均,9,30,250.03478160156243,342.35276730527016,7.445956035234377,129.74338415364574,7.694022379495006,0.46440885096496687
Baseline,XGBoost跨日边界,次日00:10端点,10,31,99.33079421622985,127.36971042603273,3.1946085159842035,55.649860824092755,3.5599342596105594,0.9323849203981409
Baseline,XGBoost跨日边界,最后10分钟区间平均,10,31,93.60436825226815,132.2783523989615,2.9967267542828355,50.7507368636593,3.284890749401982,0.9163225152057847
Baseline,XGBoost跨日边界,次日00:10端点,11,30,96.07268516927087,124.438266346678,3.0385562326721236,24.547958710937458,3.1399619271701327,0.9231783561170405
Baseline,XGBoost跨日边界,最后10分钟区间平均,11,30,99.18527241536457,113.02006313900765,3.1443847639447715,13.248479355468696,3.3049963930689623,0.9352461358391272
Baseline,XGBoost跨日边界,次日00:10端点,12,30,164.48261667968748,198.1178162121549,4.996941508488222,-80.2829217057292,4.971544478212888,0.8336497992883447
Baseline,XGBoost跨日边界,最后10分钟区间平均,12,30,110.14751276692706,134.91910986342154,3.366230293544386,-44.11396085286456,3.3414640241218083,0.9153997068307871
Baseline,历史跨日比例,次日00:10端点,2,28,150.99703115077136,192.82372516132423,4.804149721839999,9.911308354621658,4.992918610180209,0.8376216898327655
Baseline,历史跨日比例,最后10分钟区间平均,2,28,121.51728281582163,151.59034320257544,3.8835262470195175,30.22743989159645,4.007143211204434,0.8836156216498335
Baseline,历史跨日比例,次日00:10端点,3,31,104.26450682745536,128.14270525711987,3.278029893484339,-4.491796328587908,3.418040119123458,0.9134139243088137
Baseline,历史跨日比例,最后10分钟区间平均,3,31,96.68400390045673,123.3692482489861,3.0449593047408814,-10.216704615906872,3.157032263552876,0.9154485799835503
Baseline,历史跨日比例,次日00:10端点,4,30,112.03383428904729,143.99923162137642,3.543526673270556,-0.29764724413810956,3.6353676663951706,0.907123233337438
Baseline,历史跨日比例,最后10分钟区间平均,4,30,121.48591274969354,154.5344369388858,3.854763468153468,-0.7968236220690567,3.8833117319546884,0.892205041349512
Baseline,历史跨日比例,次日00:10端点,5,31,173.61765498191497,248.5913935840012,5.425369924539388,-14.288746503382871,5.426139740050331,0.7719353093678388
Baseline,历史跨日比例,最后10分钟区间平均,5,31,169.81796937494744,241.1263881981015,5.273022894639108,-19.932599058142973,5.274263376711099,0.7745589721200147
Baseline,历史跨日比例,次日00:10端点,6,30,303.7175461730173,405.0704179721704,7.890637186155917,-174.41352910295805,8.079175892609818,0.3683630485552484
Baseline,历史跨日比例,最后10分钟区间平均,6,30,289.24266540397156,393.33549117547915,7.525895755613092,-158.46993121814563,7.714914579516999,0.33696639136780593
Baseline,历史跨日比例,次日00:10端点,7,31,260.7760676517815,352.5321631057298,6.05821388149715,-46.553368204184316,6.04543565203423,0.47681789101960625
Baseline,历史跨日比例,最后10分钟区间平均,7,31,249.64486867486977,340.1205902706842,5.76759219936374,-71.90571636015684,5.8252688187723844,0.4942208087474642
Baseline,历史跨日比例,次日00:10端点,8,31,194.96135623290994,246.2222946532241,4.675482754954176,82.61125680341074,4.875424018452571,0.7462404689538173
Baseline,历史跨日比例,最后10分钟区间平均,8,31,185.09533506004882,243.04945937806022,4.416734020321149,80.75240259525373,4.5676178600212385,0.7652792017661677
Baseline,历史跨日比例,次日00:10端点,9,30,301.6660618754309,398.71199121618633,8.990970529282007,136.09529056590046,9.49638499404629,0.3933438837326233
Baseline,历史跨日比例,最后10分钟区间平均,9,30,301.3649054536665,407.30587568466143,8.974550749288808,138.98381194961698,9.160013373506686,0.24189902305647604
Baseline,历史跨日比例,次日00:10端点,10,31,127.12804573180836,173.1812831765863,4.088604553298808,36.64053085290871,4.491618579313109,0.8749990979148321
Baseline,历史跨日比例,最后10分钟区间平均,10,31,119.44723101642283,171.27827376957146,3.8240812858992106,41.24607187806726,4.113887448431118,0.8597071240143452
Baseline,历史跨日比例,次日00:10端点,11,30,146.6479942804594,177.8261444397254,4.63813597220328,-47.91668797264911,4.668963608699125,0.8431202396974642
Baseline,历史跨日比例,最后10分钟区间平均,11,30,129.14452977794812,155.64427412114088,4.094157145428044,-22.983843986324608,4.223826731020814,0.8771936296847964
Baseline,历史跨日比例,次日00:10端点,12,30,139.07921293214886,175.46445190086303,4.225192340062953,-42.145760453521596,4.269215396490353,0.8695168138048381
Baseline,历史跨日比例,最后10分钟区间平均,12,30,120.04147627942127,148.16183697985127,3.66860080434707,-25.045380226760773,3.687521192173783,0.8979771053414738
Baseline,目标时刻上周同期,次日00:10端点,2,28,135.10779642857145,161.49541001689823,4.298614864703059,26.674939285714263,4.620220952150646,0.8860990236393771
Baseline,目标时刻上周同期,最后10分钟区间平均,2,28,92.19054107142863,119.57872003482578,2.9462836699571837,38.60925535714283,3.1453396732631167,0.9275798500560507
Baseline,目标时刻上周同期,次日00:10端点,3,31,121.72125161290325,145.74115014010064,3.8268622141926993,-3.6276774193548413,3.887229930310439,0.887998286947266
Baseline,目标时刻上周同期,最后10分钟区间平均,3,31,95.66918709677422,122.81520476010151,3.0129987347983924,-9.784645161290296,3.084083660383621,0.9162063048633907
Baseline,目标时刻上周同期,次日00:10端点,4,30,121.08564333333332,142.99663856581503,3.8298270305985476,3.329303333333352,3.9266548206591567,0.9084120379386875
Baseline,目标时刻上周同期,最后10分钟区间平均,4,30,120.75714500000004,146.5091620432453,3.831639574734855,1.0166516666666514,3.86477536507351,0.9031103312961393
Baseline,目标时刻上周同期,次日00:10端点,5,31,131.80992580645162,193.31629059868152,4.118922164341994,-34.0116290322581,4.003649275743595,0.8620814188347904
Baseline,目标时刻上周同期,最后10分钟区间平均,5,31,142.4549661290322,206.63633892767808,4.423373454636552,-29.79404032258064,4.422218171066691,0.8344394458874702
Baseline,目标时刻上周同期,次日00:10端点,6,30,269.58173999999997,365.6527858341371,7.003782722322012,-145.0489933333333,7.133477792080275,0.4853117594519899
Baseline,目标时刻上周同期,最后10分钟区间平均,6,30,273.60398333333336,371.0684159199617,7.118987975066887,-143.78766333333334,7.232121888488242,0.40991136099930625
Baseline,目标时刻上周同期,次日00:10端点,7,31,265.6172419354839,353.2032119016669,6.170681522843119,-64.91960322580644,6.157927479863852,0.4748242297083973
Baseline,目标时刻上周同期,最后10分钟区间平均,7,31,236.5349596774194,329.74450020150334,5.464711514215195,-81.08883387096778,5.52376095626947,0.5246097932618464
Baseline,目标时刻上周同期,次日00:10端点,8,31,167.47304193548385,224.54734436798228,4.016269350084142,51.66413225806454,4.009812126073139,0.788950921273704
Baseline,目标时刻上周同期,最后10分钟区间平均,8,31,168.72710161290323,224.38547831592265,4.026156194601701,65.2788403225807,4.071313520735291,0.7999439228123834
Baseline,目标时刻上周同期,次日00:10端点,9,30,317.4178599999999,404.1386174088398,9.460443136975218,176.21339333333327,9.900831113011419,0.37671785090406884
Baseline,目标时刻上周同期,最后10分钟区间平均,9,30,267.9465466666667,384.04248936237354,7.979362685036973,159.04286333333337,8.18449499191449,0.32602426926437644
Baseline,目标时刻上周同期,次日00:10端点,10,31,117.00005806451614,149.08805025123306,3.7628751970904775,19.164819354838734,3.927561061482067,0.9073603488316103
Baseline,目标时刻上周同期,最后10分钟区间平均,10,31,101.47524193548382,151.62870237335852,3.2487113377640835,32.508216129032256,3.4428059264062005,0.8900503375430098
Baseline,目标时刻上周同期,次日00:10端点,11,30,113.21751333333333,156.82927471980693,3.5808073874537065,1.53454666666665,3.6435751395322575,0.87798029790508
Baseline,目标时刻上周同期,最后10分钟区间平均,11,30,102.22843333333329,121.25013428027685,3.240859458137482,1.7417733333333216,3.3889876682256377,0.9254720706440356
Baseline,目标时刻上周同期,次日00:10端点,12,30,172.38007333333334,218.7143669467402,5.236864302523896,-26.534299999999998,5.3038159149207305,0.7972639929496428
Baseline,目标时刻上周同期,最后10分钟区间平均,12,30,137.49274,164.5643599807635,4.201930800832319,-17.239649999999983,4.228706034518875,0.8741374565836416
XGBoost,XGBoost跨日边界,次日00:10端点,2,28,200.67581079799103,275.9716396808395,6.38473904604488,38.27511356026788,7.20768366447072,0.6673894748933755
XGBoost,XGBoost跨日边界,最后10分钟区间平均,2,28,107.53942082868298,153.11337231665954,3.4368128853774187,23.037494001116038,3.8185773567647394,0.8812652444034546
XGBoost,XGBoost跨日边界,次日00:10端点,3,31,91.50669928175405,110.04680532270422,2.8769300774238595,-9.207249130544428,3.04884794104651,0.9361420225685445
XGBoost,XGBoost跨日边界,最后10分钟区间平均,3,31,80.3982286353327,92.29443116665969,2.532056229486423,-14.989001644405313,2.652439272078019,0.9526785477669484
XGBoost,XGBoost跨日边界,次日00:10端点,4,30,102.96158671875001,126.28498709758756,3.256579864247479,-11.578513671874967,3.386464215628461,0.9285684314508267
XGBoost,XGBoost跨日边界,最后10分钟区间平均,4,30,99.53279348958338,127.14441483982915,3.1581882009433007,-5.665529622395858,3.25079786803112,0.927030314097955
XGBoost,XGBoost跨日边界,次日00:10端点,5,31,143.49039751764116,204.98642273094683,4.483924674788998,-73.11021062247985,4.314713810789048,0.8449270433268775
XGBoost,XGBoost跨日边界,最后10分钟区间平均,5,31,127.03532873613909,189.16056563462803,3.944577828360775,-38.09219515498991,3.8611631588868955,0.8612590442320277
XGBoost,XGBoost跨日边界,次日00:10端点,6,30,288.6086676432291,389.74948858140584,7.498105769151962,-237.96292972656252,7.194771080936917,0.41524010349935603
XGBoost,XGBoost跨日边界,最后10分钟区间平均,6,30,212.41399175781254,295.92512752857454,5.526866365894737,-123.30147544270838,5.487922517797599,0.6247048434183227
XGBoost,XGBoost跨日边界,次日00:10端点,7,31,307.08492491179436,382.305146851207,7.134037151688882,-178.80387896925404,7.0867796027082,0.3847159142244675
XGBoost,XGBoost跨日边界,最后10分钟区间平均,7,31,235.71438988785286,293.8146191227413,5.44575373654302,-47.0824324911795,5.6420416222114,0.6225652252461997
XGBoost,XGBoost跨日边界,次日00:10端点,8,31,258.4939418346774,328.32876935353715,6.199094993288471,-57.0740408518145,6.555812449281919,0.5487829602175542
XGBoost,XGBoost跨日边界,最后10分钟区间平均,8,31,178.45681753402226,248.172058514647,4.258326104788392,-9.418125674143232,4.494825389136582,0.7552808132300805
XGBoost,XGBoost跨日边界,次日00:10端点,9,30,244.83187226562495,332.62110939587654,7.297062634371378,117.61443497395832,7.901738457365805,0.5777947770375025
XGBoost,XGBoost跨日边界,最后10分钟区间平均,9,30,231.96862811197917,292.4969364846124,6.907951747400558,50.49058858072916,7.089848907843431,0.6090435796460586
XGBoost,XGBoost跨日边界,次日00:10端点,10,31,99.33079421622985,127.36971042603273,3.1946085159842035,55.649860824092755,3.5599342596105594,0.9323849203981409
XGBoost,XGBoost跨日边界,最后10分钟区间平均,10,31,80.71750880796365,106.83933167713974,2.584156302748444,26.44254271673391,2.820618306594493,0.9454124768504015
XGBoost,XGBoost跨日边界,次日00:10端点,11,30,96.07268516927087,124.438266346678,3.0385562326721236,24.547958710937458,3.1399619271701327,0.9231783561170405
XGBoost,XGBoost跨日边界,最后10分钟区间平均,11,30,93.0042577473958,112.14022411643421,2.948433410740952,11.039825546874955,3.1372861867551767,0.9362504038115804
XGBoost,XGBoost跨日边界,次日00:10端点,12,30,164.48261667968748,198.1178162121549,4.996941508488222,-80.2829217057292,4.971544478212888,0.8336497992883447
XGBoost,XGBoost跨日边界,最后10分钟区间平均,12,30,131.50568772786457,153.06088178899506,4.018959835612781,-33.68007218098958,4.153200126194327,0.8911186854653184
XGBoost,历史跨日比例,次日00:10端点,2,28,130.37284491592243,165.85553060831677,4.147966763749967,-32.76515884568528,4.223876776149482,0.879865707207166
XGBoost,历史跨日比例,最后10分钟区间平均,2,28,80.90941468455007,117.00038788376659,2.585754291714016,-12.482642201860553,2.665907548711724,0.9306691983448385
XGBoost,历史跨日比例,次日00:10端点,3,31,100.56582849776143,119.84515622428354,3.1617450857387492,-9.360563654689896,3.281171331321163,0.9242641939531604
XGBoost,历史跨日比例,最后10分钟区间平均,3,31,83.68203843972461,98.38843951062594,2.635476307425864,-15.06565890647804,2.7318232116185914,0.9462231680233456
XGBoost,历史跨日比例,次日00:10端点,4,30,95.29694223447196,116.49628992471281,3.0141542403854684,1.158801351698791,3.2444065521758456,0.9392129696068283
XGBoost,历史跨日比例,最后10分钟区间平均,4,30,102.23550874091637,124.38651830279497,3.243945699733512,0.7031278893910591,3.3780092045171024,0.9301615607119098
XGBoost,历史跨日比例,次日00:10端点,5,31,142.6536609482766,218.8273778712996,4.457777533136466,8.284613109860945,4.531786977742825,0.8232785822124014
XGBoost,历史跨日比例,最后10分钟区间平均,5,31,124.51338174397517,199.10575699852922,3.866268776158032,2.605216711180498,3.907800183526526,0.8462868193835962
XGBoost,历史跨日比例,次日00:10端点,6,30,240.72136606553042,328.3035439103256,6.253984949216197,-41.62979128683739,6.518038763254587,0.58508645365106
XGBoost,历史跨日比例,最后10分钟区间平均,6,30,211.4537889897965,302.0391831299933,5.501882548496128,-25.134906222845817,5.71792623965706,0.6090368305116844
XGBoost,历史跨日比例,次日00:10端点,7,31,280.97409322515676,364.78066434144927,6.527443899455895,135.63509573794352,6.928054460155754,0.43983107558141776
XGBoost,历史跨日比例,最后10分钟区间平均,7,31,249.50702773256495,342.0006251998115,5.7644076342340425,110.1370548624193,6.136525002150205,0.4886139116611582
XGBoost,历史跨日比例,次日00:10端点,8,31,169.96119613805666,225.46943938053275,4.075939236930324,42.32191684216562,4.284946665410828,0.7872140325374863
XGBoost,历史跨日比例,最后10分钟区间平均,8,31,156.83307867489378,221.67897132409027,3.7423417174202873,40.279853172846785,3.8931594769745206,0.8047409151008761
XGBoost,历史跨日比例,次日00:10端点,9,30,289.30606172394533,333.6809207854501,8.6225883638735,-22.118050959663638,9.133311339247237,0.5750999946200064
XGBoost,历史跨日比例,最后10分钟区间平均,9,30,256.8999750361527,304.4777621295847,7.650399305726227,-19.375654386081806,7.777555134704377,0.5763600931150583
XGBoost,历史跨日比例,次日00:10端点,10,31,112.07327618683698,143.978786111402,3.6044234353078375,-11.220836242162198,3.8814128057186306,0.9136010914604745
XGBoost,历史跨日比例,最后10分钟区间平均,10,31,94.0112166478055,120.52836811368913,3.0097519313617296,-6.99280581639361,3.1657588259684677,0.9305280295960253
XGBoost,历史跨日比例,次日00:10端点,11,30,128.5076544622817,159.4491353190727,4.064399092462725,-52.25893849120166,4.1332699889472515,0.873869525592945
XGBoost,历史跨日比例,最后10分钟区间平均,11,30,118.10749896672493,136.93616873627448,3.744259719359946,-27.363623054194584,3.895894479573746,0.9049415027628409
XGBoost,历史跨日比例,次日00:10端点,12,30,177.59613810899958,204.91625526993593,5.395327069682128,-21.302077316152115,5.665477935532047,0.822037258956104
XGBoost,历史跨日比例,最后10分钟区间平均,12,30,144.92774074224926,173.9267872750666,4.429152679042532,-4.1896499862010845,4.680478761680184,0.8594088824006495
XGBoost,目标时刻上周同期,次日00:10端点,2,28,135.10779642857145,161.49541001689823,4.298614864703059,26.674939285714263,4.620220952150646,0.8860990236393771
XGBoost,目标时刻上周同期,最后10分钟区间平均,2,28,83.37756611328122,106.74479280910172,2.664633037461021,17.237406863839265,2.828159722598724,0.942290805037073
XGBoost,目标时刻上周同期,次日00:10端点,3,31,121.72125161290325,145.74115014010064,3.8268622141926993,-3.6276774193548413,3.887229930310439,0.887998286947266
XGBoost,目标时刻上周同期,最后10分钟区间平均,3,31,94.47527424395165,107.43302121466428,2.975397726321387,-12.199215788810482,3.0490352417061737,0.9358816043205027
XGBoost,目标时刻上周同期,次日00:10端点,4,30,121.08564333333332,142.99663856581503,3.8298270305985476,3.329303333333352,3.9266548206591567,0.9084120379386875
XGBoost,目标时刻上周同期,最后10分钟区间平均,4,30,107.63047084635423,127.44593227237881,3.4151285337379975,1.7883788802083018,3.462655633266128,0.926683814877671
XGBoost,目标时刻上周同期,次日00:10端点,5,31,131.80992580645162,193.31629059868152,4.118922164341994,-34.0116290322581,4.003649275743595,0.8620814188347904
XGBoost,目标时刻上周同期,最后10分钟区间平均,5,31,117.27702222782261,180.83379514345265,3.6415723583233404,-18.542904359878996,3.628876207539866,0.8732048424150938
XGBoost,目标时刻上周同期,次日00:10端点,6,30,269.58173999999997,365.6527858341371,7.003782722322012,-145.0489933333333,7.133477792080275,0.4853117594519899
XGBoost,目标时刻上周同期,最后10分钟区间平均,6,30,218.72018206380213,303.2663511520724,5.6909491120955815,-76.84450724609381,5.7820810018715765,0.605853454442588
XGBoost,目标时刻上周同期,次日00:10端点,7,31,265.6172419354839,353.2032119016669,6.170681522843119,-64.91960322580644,6.157927479863852,0.4748242297083973
XGBoost,目标时刻上周同期,最后10分钟区间平均,7,31,215.9564126008063,297.45330777045325,4.989281483454619,9.859705380544286,5.181503956720455,0.6131588061016844
XGBoost,目标时刻上周同期,次日00:10端点,8,31,167.47304193548385,224.54734436798228,4.016269350084142,51.66413225806454,4.009812126073139,0.788950921273704
XGBoost,目标时刻上周同期,最后10分钟区间平均,8,31,150.3394828692037,208.33943747454222,3.5873919154714615,44.95096088079631,3.6294881435112227,0.8275333097398122
XGBoost,目标时刻上周同期,次日00:10端点,9,30,317.4178599999999,404.1386174088398,9.460443136975218,176.21339333333327,9.900831113011419,0.37671785090406884
XGBoost,目标时刻上周同期,最后10分钟区间平均,9,30,237.41710825520835,310.4055466696068,7.070205748005883,79.79006776041663,7.286680499948578,0.5597040889830074
XGBoost,目标时刻上周同期,次日00:10端点,10,31,117.00005806451614,149.08805025123306,3.7628751970904775,19.164819354838734,3.927561061482067,0.9073603488316103
XGBoost,目标时刻上周同期,最后10分钟区间平均,10,31,86.55632065902228,117.57694626680868,2.771084797796185,8.200021982106884,2.8853030653635647,0.9338887427061004
XGBoost,目标时刻上周同期,次日00:10端点,11,30,113.21751333333333,156.82927471980693,3.5808073874537065,1.53454666666665,3.6435751395322575,0.87798029790508
XGBoost,目标时刻上周同期,最后10分钟区间平均,11,30,100.14737787109374,114.13192632152547,3.174885559704387,-0.4668804752604653,3.292187714774395,0.9339658041548223
XGBoost,目标时刻上周同期,次日00:10端点,12,30,172.38007333333334,218.7143669467402,5.236864302523896,-26.534299999999998,5.3038159149207305,0.7972639929496428
XGBoost,目标时刻上周同期,最后10分钟区间平均,12,30,138.539599609375,168.15070455341566,4.233923992885806,-6.805761328124997,4.260926538024751,0.8685918454557691
LightGBM,XGBoost跨日边界,次日00:10端点,2,28,200.67581079799103,275.9716396808395,6.38473904604488,38.27511356026788,7.20768366447072,0.6673894748933755
LightGBM,XGBoost跨日边界,最后10分钟区间平均,2,28,102.4467429900567,146.4123678645181,3.2740578632469806,22.13990723006907,3.6413357841261105,0.8914306725594001
LightGBM,XGBoost跨日边界,次日00:10端点,3,31,91.50669928175405,110.04680532270422,2.8769300774238595,-9.207249130544428,3.04884794104651,0.9361420225685445
LightGBM,XGBoost跨日边界,最后10分钟区间平均,3,31,78.55697163886227,90.00986372272108,2.4740678095033797,-15.967891492835788,2.596648067893088,0.9549922525959351
LightGBM,XGBoost跨日边界,次日00:10端点,4,30,102.96158671875001,126.28498709758756,3.256579864247479,-11.578513671874967,3.386464215628461,0.9285684314508267
LightGBM,XGBoost跨日边界,最后10分钟区间平均,4,30,102.28871654643517,128.5312502937018,3.2456339901722324,-5.004469997738427,3.338098787742552,0.9254297899454607
LightGBM,XGBoost跨日边界,次日00:10端点,5,31,143.49039751764116,204.98642273094683,4.483924674788998,-73.11021062247985,4.314713810789048,0.8449270433268775
LightGBM,XGBoost跨日边界,最后10分钟区间平均,5,31,124.44051344623384,189.19740936424478,3.86400614044464,-39.97812148494306,3.7575261358856715,0.8612049924579416
LightGBM,XGBoost跨日边界,次日00:10端点,6,30,288.6086676432291,389.74948858140584,7.498105769151962,-237.96292972656252,7.194771080936917,0.41524010349935603
LightGBM,XGBoost跨日边界,最后10分钟区间平均,6,30,217.69490454513445,300.62043596715415,5.6642720943212845,-124.52148119810914,5.62065242738619,0.6127010912692831
LightGBM,XGBoost跨日边界,次日00:10端点,7,31,307.08492491179436,382.305146851207,7.134037151688882,-178.80387896925404,7.0867796027082,0.3847159142244675
LightGBM,XGBoost跨日边界,最后10分钟区间平均,7,31,235.0213949509107,296.22667058600814,5.429743344606178,-48.9722680482112,5.633258076247787,0.6163427370324357
LightGBM,XGBoost跨日边界,次日00:10端点,8,31,258.4939418346774,328.32876935353715,6.199094993288471,-57.0740408518145,6.555812449281919,0.5487829602175542
LightGBM,XGBoost跨日边界,最后10分钟区间平均,8,31,174.63401411295743,242.3619040818712,4.167106593949074,-8.742941695025072,4.40037822166634,0.7666053126068393
LightGBM,XGBoost跨日边界,次日00:10端点,9,30,244.83187226562495,332.62110939587654,7.297062634371378,117.61443497395832,7.901738457365805,0.5777947770375025
LightGBM,XGBoost跨日边界,最后10分钟区间平均,9,30,231.96891676470563,294.82942550447393,6.907960343386672,51.855570027750645,7.06485173396953,0.6027834286518368
LightGBM,XGBoost跨日边界,次日00:10端点,10,31,99.33079421622985,127.36971042603273,3.1946085159842035,55.649860824092755,3.5599342596105594,0.9323849203981409
LightGBM,XGBoost跨日边界,最后10分钟区间平均,10,31,81.06235938228842,106.33164769228303,2.59519663090411,23.85790348401918,2.820344362003321,0.945930027201841
LightGBM,XGBoost跨日边界,次日00:10端点,11,30,96.07268516927087,124.438266346678,3.0385562326721236,24.547958710937458,3.1399619271701327,0.9231783561170405
LightGBM,XGBoost跨日边界,最后10分钟区间平均,11,30,89.96920405938418,109.26142136322046,2.852215733036013,8.186900264231417,3.0200477728632,0.9394814811427359
LightGBM,XGBoost跨日边界,次日00:10端点,12,30,164.48261667968748,198.1178162121549,4.996941508488222,-80.2829217057292,4.971544478212888,0.8336497992883447
LightGBM,XGBoost跨日边界,最后10分钟区间平均,12,30,129.35620347145368,150.44087085107125,3.953269210035627,-32.29506599325762,4.060704649401833,0.894814321910108
LightGBM,历史跨日比例,次日00:10端点,2,28,127.43961800843553,158.42360862697436,4.054642669068754,-34.53428261617671,4.114014238202844,0.8903908315063728
LightGBM,历史跨日比例,最后10分钟区间平均,2,28,77.5885722533426,108.42686107689174,2.4796247071399673,-14.264790858153138,2.5430550155680267,0.9404577297824591
LightGBM,历史跨日比例,次日00:10端点,3,31,97.9016782062799,115.91954125565832,3.077985381099626,-11.323418601053177,3.189831829036856,0.9291444966225315
LightGBM,历史跨日比例,最后10分钟区间平均,3,31,81.68124296263335,94.13541944199707,2.5724633936130994,-17.025976228090112,2.673966665305884,0.9507718865036765
LightGBM,历史跨日比例,次日00:10端点,4,30,99.06923396742076,118.8343423535733,3.1334683427714913,2.461570040599736,3.369295314251998,0.9367485228170681
LightGBM,历史跨日比例,最后10分钟区间平均,4,30,105.84850002021173,126.8337592594065,3.3585863727050373,2.015571858498879,3.492630689036283,0.9273864563151661
LightGBM,历史跨日比例,次日00:10端点,5,31,139.5525126241764,218.97305309134163,4.360869895195718,4.550195055426977,4.377611934878893,0.8230432140363683
LightGBM,历史跨日比例,最后10分钟区间平均,5,31,116.94310777162319,197.81577090437935,3.631203970461495,-1.1479186459896042,3.629691064373041,0.8482721514496636
LightGBM,历史跨日比例,次日00:10端点,6,30,246.10920217236563,336.53359451007503,6.393961912922104,-44.020449079470275,6.649825366100834,0.5640232585999968
LightGBM,历史跨日比例,最后10分钟区间平均,6,30,216.88014068118497,311.9178551286563,5.643072497446598,-27.550240874563055,5.855241854112854,0.5830444640809953
LightGBM,历史跨日比例,次日00:10端点,7,31,285.92721336900723,362.4747680350654,6.642512208762051,131.854751912475,7.0306407446621115,0.4468907088370151
LightGBM,历史跨日比例,最后10分钟区间平均,7,31,251.94477088313295,340.16707371120077,5.82072727122037,106.35704739265346,6.193819264713858,0.4940825521162876
LightGBM,历史跨日比例,次日00:10端点,8,31,160.8194786090704,216.96054242158732,3.856706341328305,43.64478308567962,4.059777615360034,0.8029714640629406
LightGBM,历史跨日比例,最后10分钟区间平均,8,31,150.18196173437767,212.19871847914885,3.5836331553985508,41.616470273721916,3.7416527859880535,0.8210845816916688
LightGBM,历史跨日比例,次日00:10端点,9,30,287.99563788487507,329.5376699329177,8.583531991258358,-19.387019605508293,9.03814102219267,0.5855862856309552
LightGBM,历史跨日比例,最后10分钟区间平均,9,30,256.59293817926863,304.68875545931786,7.641255846072689,-16.645157261982696,7.71916053714679,0.5757727519281454
LightGBM,历史跨日比例,次日00:10端点,10,31,109.5388149232532,143.04078823890924,3.5229118396343795,-16.366742230001012,3.756328308530189,0.9147231734979594
LightGBM,历史跨日比例,最后10分钟区间平均,10,31,94.19771519073784,121.51681758228428,3.015722648152787,-12.150398043027684,3.1361020206543055,0.9293838821778492
LightGBM,历史跨日比例,次日00:10端点,11,30,126.19594876398946,158.50099369517233,3.9912852022318708,-57.91621399983443,4.014221582686212,0.8753650996071722
LightGBM,历史跨日比例,最后10分钟区间平均,11,30,112.30320666504119,132.11943265874118,3.560251268967576,-33.04518609115454,3.6692213650033536,0.9115112625021934
LightGBM,历史跨日比例,次日00:10端点,12,30,171.72739179596047,197.3591541959094,5.2170359976746745,-18.625167420037723,5.433680483695556,0.8349213854827338
LightGBM,历史跨日比例,最后10分钟区间平均,12,30,141.11548984667942,167.61406363795746,4.3126460587031925,-1.4661888504119058,4.5103062533674345,0.8694292664393647
LightGBM,目标时刻上周同期,次日00:10端点,2,28,135.10779642857145,161.49541001689823,4.298614864703059,26.674939285714263,4.620220952150646,0.8860990236393771
LightGBM,目标时刻上周同期,最后10分钟区间平均,2,28,81.43367688571517,103.39714834981316,2.602508995006968,16.339820092792397,2.763678820288349,0.9458537054660954
LightGBM,目标时刻上周同期,次日00:10端点,3,31,121.72125161290325,145.74115014010064,3.8268622141926993,-3.6276774193548413,3.887229930310439,0.887998286947266
LightGBM,目标时刻上周同期,最后10分钟区间平均,3,31,94.08966375002719,107.18986606922314,2.9632533362039704,-13.178105637240957,3.036652138354978,0.9361715165703997
LightGBM,目标时刻上周同期,次日00:10端点,4,30,121.08564333333332,142.99663856581503,3.8298270305985476,3.329303333333352,3.9266548206591567,0.9084120379386875
LightGBM,目标时刻上周同期,最后10分钟区间平均,4,30,108.98626145132954,128.65386853000072,3.4581479421305787,2.4494385048657326,3.5016393938388584,0.9252874427866898
LightGBM,目标时刻上周同期,次日00:10端点,5,31,131.80992580645162,193.31629059868152,4.118922164341994,-34.0116290322581,4.003649275743595,0.8620814188347904
LightGBM,目标时刻上周同期,最后10分钟区间平均,5,31,115.50254986779947,181.20055608506686,3.5864731634928626,-20.428830689832143,3.5559529885436674,0.8726899976122221
LightGBM,目标时刻上周同期,次日00:10端点,6,30,269.58173999999997,365.6527858341371,7.003782722322012,-145.0489933333333,7.133477792080275,0.4853117594519899
LightGBM,目标时刻上周同期,最后10分钟区间平均,6,30,227.5860891888348,312.06520897915436,5.921633934159273,-78.06451300149459,6.022113115503966,0.5826504211289661
LightGBM,目标时刻上周同期,次日00:10端点,7,31,265.6172419354839,353.2032119016669,6.170681522843119,-64.91960322580644,6.157927479863852,0.4748242297083973
LightGBM,目标时刻上周同期,最后10分钟区间平均,7,31,217.0134573650818,300.11332518335604,5.013702586797038,7.9698698235126155,5.207459663968531,0.6062091081719391
LightGBM,目标时刻上周同期,次日00:10端点,8,31,167.47304193548385,224.54734436798228,4.016269350084142,51.66413225806454,4.009812126073139,0.788950921273704
LightGBM,目标时刻上周同期,最后10分钟区间平均,8,31,146.89425156513246,204.35055167989225,3.5051820083248004,45.62614485991432,3.5508389033822243,0.8340742139791184
LightGBM,目标时刻上周同期,次日00:10端点,9,30,317.4178599999999,404.1386174088398,9.460443136975218,176.21339333333327,9.900831113011419,0.37671785090406884
LightGBM,目标时刻上周同期,最后10分钟区间平均,9,30,237.0929772622042,313.23137447158706,7.0605532304317,81.15504920743805,7.254659248878786,0.5516509866388111
LightGBM,目标时刻上周同期,次日00:10端点,10,31,117.00005806451614,149.08805025123306,3.7628751970904775,19.164819354838734,3.927561061482067,0.9073603488316103
LightGBM,目标时刻上周同期,最后10分钟区间平均,10,31,86.35197124864655,118.5885158543964,2.764542588744099,5.615382749392094,2.87782873408765,0.9327462768947636
LightGBM,目标时刻上周同期,次日00:10端点,11,30,113.21751333333333,156.82927471980693,3.5808073874537065,1.53454666666665,3.6435751395322575,0.87798029790508
LightGBM,目标时刻上周同期,最后10分钟区间平均,11,30,97.1798399564563,111.87723402904638,3.080808276071612,-3.319805757904093,3.1769311193882337,0.9365490629742926
LightGBM,目标时刻上周同期,次日00:10端点,12,30,172.38007333333334,218.7143669467402,5.236864302523896,-26.534299999999998,5.3038159149207305,0.7972639929496428
LightGBM,目标时刻上周同期,最后10分钟区间平均,12,30,136.52761622305124,166.30690469988528,4.172435546573973,-5.420755140393052,4.177517222956709,0.8714578692437625
SARIMA,XGBoost跨日边界,次日00:10端点,2,28,200.67581079799103,275.9716396808395,6.38473904604488,38.27511356026788,7.20768366447072,0.6673894748933755
SARIMA,XGBoost跨日边界,最后10分钟区间平均,2,28,206.10413238772864,296.9291312119857,6.5868063307511315,144.35370616602327,7.325461497687553,0.5534632224468466
SARIMA,XGBoost跨日边界,次日00:10端点,3,31,91.50669928175405,110.04680532270422,2.8769300774238595,-9.207249130544428,3.04884794104651,0.9361420225685445
SARIMA,XGBoost跨日边界,最后10分钟区间平均,3,31,192.6927816100384,253.73869786258578,6.068653082716584,66.62706967033692,6.385031978783366,0.6423316734421938
SARIMA,XGBoost跨日边界,次日00:10端点,4,30,102.96158671875001,126.28498709758756,3.256579864247479,-11.578513671874967,3.386464215628461,0.9285684314508267
SARIMA,XGBoost跨日边界,最后10分钟区间平均,4,30,215.09555373062136,282.2549095593993,6.8250092863967255,79.30079505926973,7.203640922075606,0.6403907024627444
SARIMA,XGBoost跨日边界,次日00:10端点,5,31,143.49039751764116,204.98642273094683,4.483924674788998,-73.11021062247985,4.314713810789048,0.8449270433268775
SARIMA,XGBoost跨日边界,最后10分钟区间平均,5,31,204.65888630008715,236.64089021563154,6.354869258087521,24.272655385914806,6.633994621854278,0.7828683888854143
SARIMA,XGBoost跨日边界,次日00:10端点,6,30,288.6086676432291,389.74948858140584,7.498105769151962,-237.96292972656252,7.194771080936917,0.41524010349935603
SARIMA,XGBoost跨日边界,最后10分钟区间平均,6,30,323.7899609492564,398.69440679162636,8.424792688916627,-235.41126969124394,8.294469314204054,0.31877659793686697
SARIMA,XGBoost跨日边界,次日00:10端点,7,31,307.08492491179436,382.305146851207,7.134037151688882,-178.80387896925404,7.0867796027082,0.3847159142244675
SARIMA,XGBoost跨日边界,最后10分钟区间平均,7,31,320.00522658743756,392.002111617724,7.3931407379539005,-245.56941039898123,7.294452671024098,0.3281506174806308
SARIMA,XGBoost跨日边界,次日00:10端点,8,31,258.4939418346774,328.32876935353715,6.199094993288471,-57.0740408518145,6.555812449281919,0.5487829602175542
SARIMA,XGBoost跨日边界,最后10分钟区间平均,8,31,237.38975490793706,301.2955321600809,5.664580397109596,-26.573320980795636,5.787223209209091,0.6392987577801503
SARIMA,XGBoost跨日边界,次日00:10端点,9,30,244.83187226562495,332.62110939587654,7.297062634371378,117.61443497395832,7.901738457365805,0.5777947770375025
SARIMA,XGBoost跨日边界,最后10分钟区间平均,9,30,361.99121223674723,463.50791146322166,10.779982825554114,326.1663027965836,11.9452209645147,0.018252037186654246
SARIMA,XGBoost跨日边界,次日00:10端点,10,31,99.33079421622985,127.36971042603273,3.1946085159842035,55.649860824092755,3.5599342596105594,0.9323849203981409
SARIMA,XGBoost跨日边界,最后10分钟区间平均,10,31,234.2555859144271,342.2269626607378,7.49964980008243,222.4270355808878,8.508309853684526,0.4399078195631779
SARIMA,XGBoost跨日边界,次日00:10端点,11,30,96.07268516927087,124.438266346678,3.0385562326721236,24.547958710937458,3.1399619271701327,0.9231783561170405
SARIMA,XGBoost跨日边界,最后10分钟区间平均,11,30,187.28998571884537,244.1233028242512,5.93749216181559,137.96148039383584,6.322700004200652,0.6978844544257131
SARIMA,XGBoost跨日边界,次日00:10端点,12,30,164.48261667968748,198.1178162121549,4.996941508488222,-80.2829217057292,4.971544478212888,0.8336497992883447
SARIMA,XGBoost跨日边界,最后10分钟区间平均,12,30,166.18870776176593,211.5080876941495,5.078911438485301,26.688785135214236,5.175914974103783,0.7920883184628175
SARIMA,历史跨日比例,次日00:10端点,2,28,317.816155868694,470.1990446162419,10.11169812529817,209.51254766598504,10.804710107111399,0.03445934533121675
SARIMA,历史跨日比例,最后10分钟区间平均,2,28,300.30339797722866,479.59858999355777,9.597286090418331,229.97242321888174,10.156105639324375,-0.1649503441830269
SARIMA,历史跨日比例,次日00:10端点,3,31,336.9209165017087,467.76284752953416,10.592644320089157,154.50764361410344,11.042716915623199,-0.15375004092638545
SARIMA,历史跨日比例,最后10分钟区间平均,3,31,338.85853014821936,477.4341925554198,10.671987016879891,148.4845160426608,11.194512137822104,-0.26629271007424204
SARIMA,历史跨日比例,次日00:10端点,4,30,336.6377061423336,497.37784017312856,10.647539634021024,172.28403739772062,11.460710039832803,-0.1080506239068042
SARIMA,历史跨日比例,最后10分钟区间平均,4,30,344.09394556596556,498.34959884542553,10.918144671747697,171.23207059406752,11.680467990853215,-0.12102714290044703
SARIMA,历史跨日比例,次日00:10端点,5,31,318.42973741661586,420.72387426446113,9.950595869060892,131.5536472432133,10.57852306491876,0.3467488417554515
SARIMA,历史跨日比例,最后10分钟区间平均,5,31,323.93200761869224,430.3635010963808,10.058422549550066,126.6045843187614,10.746597007451689,0.28185136744870565
SARIMA,历史跨日比例,次日00:10端点,6,30,500.67811440921145,554.3601624960378,13.007708634657522,-263.58444523245777,12.942838126908937,-0.1830156757843573
SARIMA,历史跨日比例,最后10分钟区间平均,6,30,517.182676076737,567.9614394717842,13.456738484021354,-248.22202744419158,13.397785850949088,-0.3824421766967825
SARIMA,历史跨日比例,次日00:10端点,7,31,434.19928185062025,495.23410332506444,10.08709173479843,-261.5382171325649,10.074972592274957,-0.032467715285970256
SARIMA,历史跨日比例,最后10分钟区间平均,7,31,444.41858230662405,499.65948590679506,10.267485817632597,-286.9365794806366,10.250978859971829,-0.09154936923101054
SARIMA,历史跨日比例,次日00:10端点,8,31,359.7703716859016,421.71647221498904,8.627864521784366,8.378492071082526,8.758495597083247,0.2555959213156265
SARIMA,历史跨日比例,最后10分钟区间平均,8,31,380.3824919479842,442.7944287722245,9.07666469485119,6.152945480652805,9.348995150472895,0.2209478139301002
SARIMA,历史跨日比例,次日00:10端点,9,30,533.0767429836698,708.7880969605565,15.888022856183836,527.8931262966963,18.154720803299316,-0.917153193283047
SARIMA,历史跨日比例,最后10分钟区间平均,9,30,546.1609528841233,713.5995043918273,16.264498952058933,531.3056484579527,18.18106587008069,-1.3269914388673199
SARIMA,历史跨日比例,次日00:10端点,10,31,388.6699109928261,597.8907300310392,12.50013369329961,376.1756431609509,14.570013727496717,-0.4898923173421301
SARIMA,历史跨日比例,最后10分钟区间平均,10,31,391.2543428995391,595.2998656739866,12.525936331694526,382.68992674931695,14.320781904820834,-0.6947382552408479
SARIMA,历史跨日比例,次日00:10端点,11,30,292.9070248880284,419.13700139039463,9.263969925466819,198.475379899256,9.74919105659804,0.12845925307691186
SARIMA,历史跨日比例,最后10分钟区间平均,11,30,307.37722020036284,436.3922065067848,9.744513721091495,224.92519098799502,10.347926859062474,0.03459716324421058
SARIMA,历史跨日比例,次日00:10端点,12,30,295.48702649384893,394.0328888457546,8.976823312473568,99.72260484437857,9.456005504014792,0.3419767935306498
SARIMA,历史跨日比例,最后10分钟区间平均,12,30,280.0423976689033,393.6399261661946,8.558406620625188,116.69154841026813,8.96501191137856,0.2798495823628594
SARIMA,目标时刻上周同期,次日00:10端点,2,28,135.10779642857145,161.49541001689823,4.298614864703059,26.674939285714263,4.620220952150646,0.8860990236393771
SARIMA,目标时刻上周同期,最后10分钟区间平均,2,28,169.46967330214008,261.14117439768955,5.416019096972382,138.55361902874637,5.737127842759905,0.6546159127918164
SARIMA,目标时刻上周同期,次日00:10端点,3,31,121.72125161290325,145.74115014010064,3.8268622141926993,-3.6276774193548413,3.887229930310439,0.887998286947266
SARIMA,目标时刻上周同期,最后10分钟区间平均,3,31,201.59480197966485,267.59471311960795,6.349012694047895,69.4168555259317,6.640398096323835,0.6022024292020848
SARIMA,目标时刻上周同期,次日00:10端点,4,30,121.08564333333332,142.99663856581503,3.8298270305985476,3.329303333333352,3.9266548206591567,0.9084120379386875
SARIMA,目标时刻上周同期,最后10分钟区间平均,4,30,223.28535945197464,287.5983101617363,7.084872863921079,86.75470356187388,7.430921419597941,0.6266462120217688
SARIMA,目标时刻上周同期,次日00:10端点,5,31,131.80992580645162,193.31629059868152,4.118922164341994,-34.0116290322581,4.003649275743595,0.8620814188347904
SARIMA,目标时刻上周同期,最后10分钟区间平均,5,31,193.52676804198236,239.98699544278733,6.009205517925778,43.82194618102569,6.270429590640819,0.7766844880589053
SARIMA,目标时刻上周同期,次日00:10端点,6,30,269.58173999999997,365.6527858341371,7.003782722322012,-145.0489933333333,7.133477792080275,0.4853117594519899
SARIMA,目标时刻上周同期,最后10分钟区间平均,6,30,341.8121203658486,428.8632800326633,8.893716915122612,-188.9543014946294,8.785888931641278,0.2117808201772915
SARIMA,目标时刻上周同期,次日00:10端点,7,31,265.6172419354839,353.2032119016669,6.170681522843119,-64.91960322580644,6.157927479863852,0.4748242297083973
SARIMA,目标时刻上周同期,最后10分钟区间平均,7,31,276.2247893230687,350.307326170389,6.381673088764739,-188.62727252725745,6.3595719124651335,0.4634705694793373
SARIMA,目标时刻上周同期,次日00:10端点,8,31,167.47304193548385,224.54734436798228,4.016269350084142,51.66413225806454,4.009812126073139,0.788950921273704
SARIMA,目标时刻上周同期,最后10分钟区间平均,8,31,215.09907722050679,289.57526585281255,5.132681554569091,27.795765574143815,5.300853399409898,0.6668151987871127
SARIMA,目标时刻上周同期,次日00:10端点,9,30,317.4178599999999,404.1386174088398,9.460443136975218,176.21339333333327,9.900831113011419,0.37671785090406884
SARIMA,目标时刻上周同期,最后10分钟区间平均,9,30,384.0082114093719,497.56592047686144,11.435642037512848,355.4657819762712,12.458332550987206,-0.13132389377140918
SARIMA,目标时刻上周同期,次日00:10端点,10,31,117.00005806451614,149.08805025123306,3.7628751970904775,19.164819354838734,3.927561061482067,0.9073603488316103
SARIMA,目标时刻上周同期,最后10分钟区间平均,10,31,219.07239598651114,323.3641247012926,7.0135627475025855,204.1845148462608,7.8781526376762345,0.49994849864217494
SARIMA,目标时刻上周同期,次日00:10端点,11,30,113.21751333333333,156.82927471980693,3.5808073874537065,1.53454666666665,3.6435751395322575,0.87798029790508
SARIMA,目标时刻上周同期,最后10分钟区间平均,11,30,189.38233467639293,248.40493420572088,6.003824088146511,126.45477437170044,6.281479284930304,0.6871940285263899
SARIMA,目标时刻上周同期,次日00:10端点,12,30,172.38007333333334,218.7143669467402,5.236864302523896,-26.534299999999998,5.3038159149207305,0.7972639929496428
SARIMA,目标时刻上周同期,最后10分钟区间平均,12,30,199.00955864884733,245.11809735120215,6.081953084552955,53.56309598807882,6.2545798487675714,0.7207612486561312
